ID,Name,LongName,photoUrl,playerUrl,Nationality,Age,â†“OVA,POT,Club,Contract,Positions,Height,Weight,Preferred Foot,BOV,Best Position,Joined,Value,Wage,Release Clause,Attacking,Crossing,Finishing,Heading Accuracy,Short Passing,Volleys,Skill,Dribbling,Curve,FK Accuracy,Long Passing,Ball Control,Movement,Acceleration,Sprint Speed,Agility,Reactions,Balance,Power,Shot Power,Jumping,Stamina,Strength,Long Shots,Mentality,Aggression,Interceptions,Positioning,Vision,Penalties,Composure,Defending,Marking,Standing Tackle,Sliding Tackle,Goalkeeping,GK Diving,GK Handling,GK Kicking,GK Positioning,GK Reflexes,Total Stats,Base Stats,W/F,SM,A/W,D/W,IR,PAC,SHO,PAS,DRI,DEF,PHY,Hits
158023,L. Messi,Lionel Messi,https://cdn.sofifa.com/players/158/023/21_60.png,http://sofifa.com/player/158023/lionel-messi/210006/,Argentina,33,93,93,Fc Barcelona,2004 ~ 2021,"RW, ST, CF",170cm,72kg,Left,93,RW,01-07-2004,â‚¬103.5M,â‚¬560K,â‚¬138.4M,429,85,95,70,91,88,470,96,93,94,91,96,451,91,80,91,94,95,389,86,68,72,69,94,347,44,40,93,95,75,96,91,32,35,24,54,6,11,15,14,8,2231,466,4 â˜…,4â˜…,Medium,Low,5 â˜…,85,92,91,95,38,65,771
20801,Cristiano Ronaldo,C. Ronaldo Dos Santos Aveiro,https://cdn.sofifa.com/players/020/801/21_60.png,http://sofifa.com/player/20801/c-ronaldo-dos-santos-aveiro/210006/,Portugal,35,92,92,Juventus,2018 ~ 2022,"ST, LW",187cm,83kg,Right,92,ST,10-07-2018,â‚¬63M,â‚¬220K,â‚¬75.9M,437,84,95,90,82,86,414,88,81,76,77,92,431,87,91,87,95,71,444,94,95,84,78,93,353,63,29,95,82,84,95,84,28,32,24,58,7,11,15,14,11,2221,464,4 â˜…,5â˜…,High,Low,5 â˜…,89,93,81,89,35,77,562
200389,J. Oblak,Jan Oblak,https://cdn.sofifa.com/players/200/389/21_60.png,http://sofifa.com/player/200389/jan-oblak/210006/,Slovenia,27,91,93,AtlaTico Madrid,2014 ~ 2023,GK,188cm,87kg,Right,91,GK,16-07-2014,â‚¬120M,â‚¬125K,â‚¬159.4M,95,13,11,15,43,13,109,12,13,14,40,30,307,43,60,67,88,49,268,59,78,41,78,12,140,34,19,11,65,11,68,57,27,12,18,437,87,92,78,90,90,1413,489,3 â˜…,1â˜…,Medium,Medium,3 â˜…,87,92,78,90,52,90,150
192985,K. De Bruyne,Kevin De Bruyne,https://cdn.sofifa.com/players/192/985/21_60.png,http://sofifa.com/player/192985/kevin-de-bruyne/210006/,Belgium,29,91,91,Manchester City,2015 ~ 2023,"CAM, CM",181cm,70kg,Right,91,CAM,30-08-2015,â‚¬129M,â‚¬370K,â‚¬161M,407,94,82,55,94,82,441,88,85,83,93,92,398,77,76,78,91,76,408,91,63,89,74,91,408,76,66,88,94,84,91,186,68,65,53,56,15,13,5,10,13,2304,485,5 â˜…,4â˜…,High,High,4 â˜…,76,86,93,88,64,78,207
190871,Neymar Jr,Neymar Da Silva Santos Jr.,https://cdn.sofifa.com/players/190/871/21_60.png,http://sofifa.com/player/190871/neymar-da-silva-santos-jr/210006/,Brazil,28,91,91,Paris Saint-Germain,2017 ~ 2022,"LW, CAM",175cm,68kg,Right,91,LW,03-08-2017,â‚¬132M,â‚¬270K,â‚¬166.5M,408,85,87,62,87,87,448,95,88,89,81,95,453,94,89,96,91,83,357,80,62,81,50,84,356,51,36,87,90,92,93,94,35,30,29,59,9,9,15,15,11,2175,451,5 â˜…,5â˜…,High,Medium,5 â˜…,91,85,86,94,36,59,595
188545,R. Lewandowski,Robert Lewandowski,https://cdn.sofifa.com/players/188/545/21_60.png,http://sofifa.com/player/188545/robert-lewandowski/210006/,Poland,31,91,91,Fc Bayern Ma¼Nchen,2014 ~ 2023,ST,184cm,80kg,Right,91,ST,01-07-2014,â‚¬111M,â‚¬240K,â‚¬132M,423,71,94,85,84,89,407,85,79,85,70,88,407,77,78,77,93,82,420,89,84,76,86,85,391,81,49,94,79,88,88,96,35,42,19,51,15,6,12,8,10,2195,457,4 â˜…,4â˜…,High,Medium,4 â˜…,78,91,78,85,43,82,248
209331,M. Salah,Mohamed Salah,https://cdn.sofifa.com/players/209/331/21_60.png,http://sofifa.com/player/209331/mohamed-salah/210006/,Egypt,28,90,90,Liverpool,2017 ~ 2023,RW,175cm,71kg,Left,90,RW,01-07-2017,â‚¬120.5M,â‚¬250K,â‚¬144.3M,392,79,91,59,84,79,406,90,83,69,75,89,460,94,92,91,92,91,393,80,69,85,75,84,376,63,55,91,84,83,90,122,38,43,41,62,14,14,9,11,14,2211,470,3 â˜…,4â˜…,High,Medium,3 â˜…,93,86,81,90,45,75,246
231747,K. Mbappa,Kylian Mbappa,https://cdn.sofifa.com/players/231/747/21_60.png,http://sofifa.com/player/231747/kylian-mbappe/210006/,France,21,90,95,Paris Saint-Germain,2018 ~ 2022,"ST, LW, RW",178cm,73kg,Right,91,ST,01-07-2018,â‚¬185.5M,â‚¬160K,â‚¬203.1M,408,78,91,73,83,83,394,92,79,63,70,90,458,96,96,92,92,82,404,86,77,86,76,79,341,62,38,91,80,70,84,100,34,34,32,42,13,5,7,11,6,2147,466,4 â˜…,5â˜…,High,Low,3 â˜…,96,86,78,91,39,76,1.6K
192448,M. Ter Stegen,Marc-Andra Ter Stegen,https://cdn.sofifa.com/players/192/448/21_60.png,http://sofifa.com/player/192448/marc-andre-ter-stegen/210006/,Germany,28,90,93,Fc Barcelona,2014 ~ 2022,GK,187cm,85kg,Right,90,GK,01-07-2014,â‚¬110M,â‚¬260K,â‚¬147.7M,118,18,14,11,61,14,144,21,18,12,63,30,254,38,50,37,86,43,268,66,79,35,78,10,171,43,22,11,70,25,70,48,25,13,10,439,88,85,88,88,90,1442,484,4 â˜…,1â˜…,Medium,Medium,3 â˜…,88,85,88,90,45,88,130
203376,V. Van Dijk,Virgil Van Dijk,https://cdn.sofifa.com/players/203/376/21_60.png,http://sofifa.com/player/203376/virgil-van-dijk/210006/,Netherlands,28,90,91,Liverpool,2018 ~ 2023,CB,193cm,92kg,Right,90,CB,01-01-2018,â‚¬113M,â‚¬210K,â‚¬145.3M,316,53,52,87,79,45,363,70,60,70,86,77,354,72,79,61,89,53,402,81,90,75,92,64,347,83,90,47,65,62,90,272,93,93,86,58,13,10,13,11,11,2112,455,3 â˜…,2â˜…,Medium,Medium,3 â˜…,76,60,71,71,91,86,321
208722,S. Mana,Sadio Mana,https://cdn.sofifa.com/players/208/722/21_60.png,http://sofifa.com/player/208722/sadio-mane/210006/,Senegal,28,90,90,Liverpool,2016 ~ 2023,LW,175cm,69kg,Right,90,LW,01-07-2016,â‚¬120.5M,â‚¬250K,â‚¬144.3M,410,76,90,84,85,75,391,91,76,64,71,89,460,95,93,93,93,86,406,84,86,88,70,78,358,75,35,92,85,71,84,122,42,42,38,56,10,10,15,7,14,2203,469,4 â˜…,4â˜…,High,Medium,3 â˜…,94,85,80,90,44,76,189
155862,Sergio Ramos,Sergio Ramos Garca­A,https://cdn.sofifa.com/players/155/862/21_60.png,http://sofifa.com/player/155862/sergio-ramos-garcia/210006/,Spain,34,89,89,Real Madrid,2005 ~ 2021,CB,184cm,82kg,Right,89,CB,01-08-2005,â‚¬33.5M,â‚¬300K,â‚¬50.2M,374,66,65,92,82,69,381,65,74,76,83,83,378,72,70,78,92,66,402,79,93,81,85,64,414,90,88,73,71,92,88,263,85,88,90,46,11,8,9,7,11,2258,463,3 â˜…,3â˜…,High,Medium,4 â˜…,71,70,76,73,88,85,212
202652,R. Sterling,Raheem Sterling,https://cdn.sofifa.com/players/202/652/21_60.png,http://sofifa.com/player/202652/raheem-sterling/210006/,England,25,88,90,Manchester City,2015 ~ 2023,"LW, RW",170cm,69kg,Right,88,LW,14-07-2015,â‚¬114.5M,â‚¬270K,â‚¬139.6M,360,78,85,46,84,67,387,90,77,63,69,88,464,96,90,94,90,94,358,78,57,79,65,79,332,59,30,92,82,69,80,147,47,53,47,63,15,12,12,15,9,2111,455,3 â˜…,4â˜…,High,Medium,3 â˜…,93,81,79,90,45,67,205
216267,A. Robertson,Andrew Robertson,https://cdn.sofifa.com/players/216/267/21_60.png,http://sofifa.com/player/216267/andrew-robertson/210006/,Scotland,26,87,89,Liverpool,2017 ~ 2024,LB,178cm,64kg,Left,87,LB,21-07-2017,â‚¬90.5M,â‚¬155K,â‚¬102M,328,90,57,67,82,32,358,80,82,38,76,82,400,79,85,78,84,74,365,78,62,95,65,65,378,85,82,77,79,55,83,248,83,84,81,50,11,8,10,7,14,2127,461,2 â˜…,3â˜…,High,High,3 â˜…,82,62,80,80,81,76,206
200104,H. Son,Heung Min Son,https://cdn.sofifa.com/players/200/104/21_60.png,http://sofifa.com/player/200104/heung-min-son/210006/,Korea Republic,27,87,87,Tottenham Hotspur,2015 ~ 2023,"LM, CF",183cm,78kg,Right,87,LM,28-08-2015,â‚¬85M,â‚¬165K,â‚¬99.8M,399,81,86,68,83,81,400,88,85,70,70,87,429,86,90,86,89,78,385,88,56,87,64,90,345,62,39,88,83,73,88,117,50,34,33,53,11,13,13,6,10,2128,453,5 â˜…,4â˜…,High,High,3 â˜…,88,86,80,87,43,69,459
193041,K. Navas,Keylor Navas,https://cdn.sofifa.com/players/193/041/21_60.png,http://sofifa.com/player/193041/keylor-navas/210006/,Costa Rica,33,87,87,Paris Saint-Germain,2019 ~ 2023,GK,185cm,80kg,Right,87,GK,02-09-2019,â‚¬26M,â‚¬110K,â‚¬50M,78,11,15,11,30,11,98,16,11,15,37,19,312,54,53,60,84,61,257,56,74,39,75,13,161,32,20,16,68,25,67,56,28,14,14,418,90,81,75,82,90,1380,471,3 â˜…,1â˜…,Medium,Medium,3 â˜…,90,81,75,90,53,82,117
138956,G. Chiellini,Giorgio Chiellini,https://cdn.sofifa.com/players/138/956/21_60.png,http://sofifa.com/player/138956/giorgio-chiellini/210006/,Italy,35,87,87,Juventus,2005 ~ 2021,CB,187cm,85kg,Left,87,CB,01-07-2005,â‚¬21M,â‚¬95K,â‚¬25.6M,280,54,33,83,65,45,276,59,60,31,65,61,326,60,70,57,82,57,355,78,87,54,87,49,306,90,88,28,50,50,84,272,94,90,88,15,3,3,2,4,3,1830,399,3 â˜…,2â˜…,Medium,High,4 â˜…,66,46,58,60,90,79,130
188567,P. Aubameyang,Pierre-Emerick Aubameyang,https://cdn.sofifa.com/players/188/567/21_60.png,http://sofifa.com/player/188567/pierre-emerick-aubameyang/210006/,Gabon,31,87,87,Arsenal,2018 ~ 2023,"ST, LW",187cm,80kg,Right,87,ST,31-01-2018,â‚¬67.5M,â‚¬170K,â‚¬85.5M,403,76,91,75,77,84,383,80,81,76,64,82,418,91,94,77,88,68,389,82,75,80,74,78,339,43,48,93,77,78,88,92,27,29,36,48,6,9,15,9,9,2072,441,4 â˜…,4â˜…,High,High,3 â˜…,93,86,75,80,38,69,209
177003,L. Modria,Luka Modria,https://cdn.sofifa.com/players/177/003/21_60.png,http://sofifa.com/player/177003/luka-modric/210006/,Croatia,34,87,87,Real Madrid,2012 ~ 2021,CM,172cm,66kg,Right,87,CM,01-08-2012,â‚¬36.5M,â‚¬260K,â‚¬50.2M,380,86,72,55,91,76,427,85,85,78,89,90,417,76,70,91,88,92,371,79,68,84,58,82,391,62,79,78,90,82,92,214,68,75,71,52,13,9,7,14,9,2252,463,4 â˜…,4â˜…,High,Medium,4 â˜…,73,76,89,88,71,66,165
176580,L. Sua¡Rez,Luis Sua¡Rez,https://cdn.sofifa.com/players/176/580/21_60.png,http://sofifa.com/player/176580/luis-suarez/210006/,Uruguay,33,87,87,AtlaTico Madrid,2020 ~ 2022,ST,182cm,83kg,Right,87,ST,25-09-2020,â‚¬51M,â‚¬115K,â‚¬64.6M,429,80,92,84,83,90,413,84,86,82,77,84,386,72,68,76,92,78,409,89,69,78,85,88,386,87,41,91,84,83,85,140,57,45,38,153,27,25,31,33,37,2316,459,4 â˜…,3â˜…,High,Medium,5 â˜…,70,90,82,83,51,83,203
177683,Y. Sommer,Yann Sommer,https://cdn.sofifa.com/players/177/683/21_60.png,http://sofifa.com/player/177683/yann-sommer/210006/,Switzerland,31,86,86,Borussia Ma¶Nchengladbach,2014 ~ 2023,GK,183cm,79kg,Right,86,GK,01-07-2014,â‚¬36M,â‚¬55K,â‚¬48.5M,84,13,13,10,40,8,96,15,12,13,31,25,299,48,54,55,84,58,262,64,73,45,68,12,162,38,21,15,64,24,57,40,9,19,12,423,80,86,85,87,85,1366,474,4 â˜…,1â˜…,Medium,Medium,3 â˜…,80,86,85,85,51,87,45
223848,S. Milinkovia-Savia,Sergej Milinkovia-Savia,https://cdn.sofifa.com/players/223/848/21_60.png,http://sofifa.com/player/223848/sergej-milinkovic-savic/210006/,Serbia,25,85,89,Lazio,2015 ~ 2024,"CM, CDM, CAM",191cm,76kg,Right,86,CM,06-08-2015,â‚¬74.5M,â‚¬95K,â‚¬87M,389,64,80,86,85,74,412,86,78,75,85,88,348,66,72,64,83,63,421,83,85,85,88,80,377,79,78,79,85,56,84,231,78,79,74,47,7,10,7,16,7,2225,475,4 â˜…,4â˜…,High,Medium,2 â˜…,69,79,80,83,79,85,403
232363,M.AKriniar,MilanAKriniar,https://cdn.sofifa.com/players/232/363/21_60.png,http://sofifa.com/player/232363/milan-skriniar/210006/,Slovakia,25,85,89,Inter,2017 ~ 2023,CB,188cm,80kg,Right,86,CB,07-07-2017,â‚¬67M,â‚¬130K,â‚¬79M,277,40,42,82,73,40,269,67,34,30,69,69,320,70,68,48,83,51,315,50,78,73,84,30,315,86,86,30,57,56,81,262,92,87,83,55,10,13,12,8,12,1813,403,4 â˜…,2â˜…,Medium,High,1 â˜…,69,41,59,66,87,81,245
208670,H. Ziyech,Hakim Ziyech,https://cdn.sofifa.com/players/208/670/21_60.png,http://sofifa.com/player/208670/hakim-ziyech/210006/,Morocco,27,85,86,Chelsea,2020 ~ 2025,"CAM, RW",181cm,65kg,Left,85,CAM,01-07-2020,â‚¬62M,â‚¬140K,â‚¬86.9M,374,88,73,53,86,74,425,83,90,78,89,85,407,83,77,85,84,78,336,83,37,80,59,77,363,73,52,82,89,67,79,140,44,56,40,51,11,7,11,8,14,2096,443,2 â˜…,5â˜…,High,High,3 â˜…,80,76,87,84,50,66,215
204485,R. Mahrez,Riyad Mahrez,https://cdn.sofifa.com/players/204/485/21_60.png,http://sofifa.com/player/204485/riyad-mahrez/210006/,Algeria,29,85,85,Manchester City,2018 ~ 2023,"RW, RM",179cm,67kg,Left,85,RW,10-07-2018,â‚¬53M,â‚¬210K,â‚¬69.4M,366,83,79,48,80,76,418,90,84,78,75,91,427,87,79,92,81,88,350,79,60,76,55,80,321,48,39,80,84,70,84,98,45,31,22,54,15,9,13,11,6,2034,430,4 â˜…,5â˜…,Medium,Medium,3 â˜…,83,79,81,90,38,59,112
190460,C. Eriksen,Christian Eriksen,https://cdn.sofifa.com/players/190/460/21_60.png,http://sofifa.com/player/190460/christian-eriksen/210006/,Denmark,28,85,85,Inter,2020 ~ 2024,"CAM, CM, RM",181cm,76kg,Right,85,CAM,28-01-2020,â‚¬54.5M,â‚¬155K,â‚¬66.3M,385,86,77,52,90,80,428,77,89,85,87,90,385,74,70,77,84,80,370,84,49,92,56,89,341,46,56,82,90,67,86,138,59,57,22,43,9,14,7,7,6,2090,438,5 â˜…,4â˜…,High,High,3 â˜…,72,81,88,81,53,63,168
185122,P. Gula¡Csi,PaTer Gula¡Csi,https://cdn.sofifa.com/players/185/122/21_60.png,http://sofifa.com/player/185122/peter-gulacsi/210006/,Hungary,30,85,85,Rb Leipzig,2015 ~ 2023,GK,191cm,86kg,Right,85,GK,01-07-2015,â‚¬36M,â‚¬65K,â‚¬44.2M,94,16,10,23,35,10,104,19,18,11,31,25,251,42,44,41,82,42,250,62,67,35,74,12,134,34,23,11,42,24,45,61,25,16,20,421,84,85,82,84,86,1315,464,2 â˜…,1â˜…,Medium,Medium,2 â˜…,84,85,82,86,43,84,61
180206,M. Pjania,Miralem Pjania,https://cdn.sofifa.com/players/180/206/21_60.png,http://sofifa.com/player/180206/miralem-pjanic/210006/,Bosnia Herzegovina,30,85,85,Fc Barcelona,2020 ~ 2024,CM,178cm,72kg,Right,85,CM,24-08-2020,â‚¬51.5M,â‚¬220K,â‚¬72.8M,359,81,56,60,90,72,440,86,86,92,87,89,374,68,66,75,84,81,359,78,59,81,59,82,383,70,78,68,88,79,86,224,78,76,70,42,7,7,13,7,8,2181,449,4 â˜…,3â˜…,Medium,Medium,3 â˜…,67,68,87,85,75,67,176
226790,W. Ndidi,Wilfred Ndidi,https://cdn.sofifa.com/players/226/790/21_60.png,http://sofifa.com/player/226790/wilfred-ndidi/210006/,Nigeria,23,84,88,Leicester City,2017 ~ 2024,"CDM, CM",183cm,74kg,Right,87,CB,05-01-2017,â‚¬55M,â‚¬95K,â‚¬72.1M,321,50,50,76,79,66,341,72,58,58,75,78,365,70,72,69,87,67,412,80,90,92,78,72,366,87,90,67,67,55,80,261,87,89,85,54,13,14,7,7,13,2120,446,4 â˜…,3â˜…,Medium,High,1 â˜…,71,62,68,74,87,84,264
226753,A. Onana,Andra Onana,https://cdn.sofifa.com/players/226/753/21_60.png,http://sofifa.com/player/226753/andre-onana/210006/,Cameroon,24,84,88,Ajax,2015 ~ 2022,GK,190cm,93kg,Right,84,GK,14-01-2015,â‚¬48M,â‚¬18K,â‚¬44.3M,93,15,12,20,33,13,143,26,30,17,32,38,331,64,62,68,84,53,279,65,80,39,78,17,149,32,15,11,64,27,61,44,12,18,14,419,84,80,87,82,86,1458,482,3 â˜…,1â˜…,Medium,Medium,3 â˜…,84,80,87,86,63,82,182
239085,E. Haaland,Erling Haaland,https://cdn.sofifa.com/players/239/085/21_60.png,http://sofifa.com/player/239085/erling-haaland/210006/,Norway,19,84,92,Borussia Dortmund,2020 ~ 2024,ST,194cm,88kg,Left,85,ST,01-01-2020,â‚¬92M,â‚¬56K,â‚¬85.5M,356,46,87,67,74,82,341,75,77,62,49,78,393,80,88,75,83,67,415,93,70,78,91,83,357,82,41,86,68,80,83,113,45,38,30,52,7,14,13,11,7,2027,438,3 â˜…,3â˜…,High,High,2 â˜…,84,87,63,76,43,85,1.7K
209989,T. Partey,Thomas Partey,https://cdn.sofifa.com/players/209/989/21_60.png,http://sofifa.com/player/209989/thomas-partey/210006/,Ghana,27,84,85,Arsenal,2020 ~ 2024,CM,185cm,77kg,Right,86,CDM,05-10-2020,â‚¬48M,â‚¬120K,â‚¬69.1M,353,74,68,68,87,56,391,84,69,70,85,83,352,68,74,75,85,50,430,86,83,92,84,85,375,84,84,73,85,49,86,247,81,85,81,49,11,13,9,9,7,2197,476,3 â˜…,3â˜…,Medium,High,2 â˜…,71,74,82,81,82,86,255
204838,R. JimaNez,Raaºl JimaNez,https://cdn.sofifa.com/players/204/838/21_60.png,http://sofifa.com/player/204838/raul-jimenez/210006/,Mexico,29,84,84,Wolverhampton Wanderers,2019 ~ 2024,ST,188cm,81kg,Right,84,ST,01-07-2019,â‚¬42M,â‚¬140K,â‚¬58.9M,405,73,84,85,81,82,368,84,75,51,75,83,381,73,82,75,83,68,402,83,75,86,84,74,388,81,53,84,78,92,81,121,53,38,30,55,7,11,13,14,10,2120,450,4 â˜…,3â˜…,High,High,3 â˜…,78,82,76,82,49,83,253
197445,D. Alaba,David Alaba,https://cdn.sofifa.com/players/197/445/21_60.png,http://sofifa.com/player/197445/david-alaba/210006/,Austria,28,84,84,Fc Bayern Ma¼Nchen,2010 ~ 2021,"CB, LB",180cm,78kg,Left,84,CB,10-02-2010,â‚¬36.5M,â‚¬105K,â‚¬45.4M,368,80,60,76,85,67,401,77,77,85,79,83,396,78,77,76,88,77,394,82,83,75,76,78,388,74,84,73,78,79,84,250,85,83,82,50,5,7,14,15,9,2247,466,4 â˜…,3â˜…,Medium,Medium,4 â˜…,77,70,81,79,83,76,256
212151,T. Strakosha,Thomas Strakosha,https://cdn.sofifa.com/players/212/151/21_60.png,http://sofifa.com/player/212151/thomas-strakosha/210006/,Albania,25,83,88,Lazio,2012 ~ 2022,GK,193cm,78kg,Right,83,GK,09-08-2012,â‚¬42.5M,â‚¬58K,â‚¬45.3M,84,18,18,11,26,11,77,14,14,12,22,15,257,41,46,45,78,47,215,56,56,23,66,14,132,20,24,18,49,21,61,50,20,18,12,409,86,79,75,81,88,1224,453,2 â˜…,1â˜…,Medium,Medium,1 â˜…,86,79,75,88,44,81,156
215333,D. Zapata,Duva¡N Zapata,https://cdn.sofifa.com/players/215/333/21_60.png,http://sofifa.com/player/215333/duvan-zapata/210006/,Colombia,29,83,83,Atalanta,2020 ~ 2023,ST,189cm,88kg,Right,83,ST,17-01-2020,â‚¬36.5M,â‚¬87K,â‚¬44.2M,367,44,88,83,75,77,317,79,48,62,47,81,359,72,78,67,82,60,394,86,79,72,93,64,307,72,20,86,59,70,82,98,52,24,22,40,9,9,8,6,8,1882,413,4 â˜…,3â˜…,High,Medium,2 â˜…,75,81,59,78,37,83,122
199042,C. Ara¡Nguiz,Charles Ara¡Nguiz,https://cdn.sofifa.com/players/199/042/21_60.png,http://sofifa.com/player/199042/charles-aranguiz/210006/,Chile,31,83,83,Bayer 04 Leverkusen,2015 ~ 2023,"CDM, CM",171cm,70kg,Right,83,CDM,13-08-2015,â‚¬25.5M,â‚¬79K,â‚¬33.2M,350,78,66,53,85,68,397,79,75,76,84,83,374,71,51,79,87,86,365,78,61,85,64,77,398,81,85,75,81,76,81,232,86,74,72,55,15,7,12,8,13,2171,446,4 â˜…,3â˜…,Medium,Medium,2 â˜…,60,72,82,81,78,73,50
198717,W. Zaha,Wilfried Zaha,https://cdn.sofifa.com/players/198/717/21_60.png,http://sofifa.com/player/198717/wilfried-zaha/210006/,Ivory Coast,27,83,83,Crystal Palace,2015 ~ 2023,"LM, CF",180cm,66kg,Right,83,LM,02-02-2015,â‚¬38.5M,â‚¬82K,â‚¬51.3M,339,76,77,47,75,64,355,90,63,51,65,86,421,88,92,87,75,79,361,81,58,75,77,70,328,72,32,76,76,72,80,96,30,34,32,61,15,10,15,11,10,1961,433,3 â˜…,5â˜…,Medium,Medium,2 â˜…,90,75,72,87,34,75,193
192774,K. Manolas,Kostas Manolas,https://cdn.sofifa.com/players/192/774/21_60.png,http://sofifa.com/player/192774/kostas-manolas/210006/,Greece,29,83,84,Napoli,2019 ~ 2024,CB,189cm,83kg,Right,83,CB,02-07-2019,â‚¬33.5M,â‚¬84K,â‚¬43.5M,208,27,25,80,60,16,220,54,30,10,61,65,371,80,83,67,81,60,288,40,86,69,81,12,245,86,86,25,22,26,83,257,85,85,87,49,8,6,8,15,12,1638,373,2 â˜…,2â˜…,Low,High,3 â˜…,82,25,42,60,85,79,179
190941,L. Hra¡Decka,Luka¡A¡ Hra¡Decka,https://cdn.sofifa.com/players/190/941/21_60.png,http://sofifa.com/player/190941/lukas-hradecky/210006/,Finland,30,83,83,Bayer 04 Leverkusen,2018 ~ 2023,GK,192cm,82kg,Right,83,GK,01-07-2018,â‚¬24M,â‚¬64K,â‚¬29.8M,72,11,11,11,30,9,89,10,11,15,33,20,246,38,44,43,82,39,224,52,69,34,55,14,131,31,18,9,53,20,48,33,10,10,13,402,85,78,69,83,87,1197,443,3 â˜…,1â˜…,Medium,Medium,2 â˜…,85,78,69,87,41,83,34
173731,G. Bale,Gareth Bale,https://cdn.sofifa.com/players/173/731/21_60.png,http://sofifa.com/player/173731/gareth-bale/210006/,Wales,30,83,83,Tottenham Hotspur,"Jun 30, 2021 On Loan",RW,185cm,82kg,Left,83,RW,01-09-2013,â‚¬35M,â‚¬200K,â‚¬0,417,87,81,84,80,85,419,80,90,87,79,83,397,86,89,78,79,65,405,90,82,69,77,87,362,65,59,83,79,76,85,161,54,55,52,52,15,15,11,5,6,2213,465,3 â˜…,4â˜…,Medium,Medium,4 â˜…,88,84,82,80,58,73,282
41236,Z. Ibrahimovia,Zlatan Ibrahimovia,https://cdn.sofifa.com/players/041/236/21_60.png,http://sofifa.com/player/41236/zlatan-ibrahimovic/210006/,Sweden,38,83,83,Milan,2020 ~ 2021,ST,195cm,95kg,Right,83,ST,02-01-2020,â‚¬12.5M,â‚¬49K,â‚¬16.2M,400,68,86,80,78,88,397,80,80,78,73,86,297,53,52,71,82,39,386,90,67,54,87,88,368,84,20,91,84,89,90,89,28,37,24,59,13,15,10,9,12,1996,407,4 â˜…,5â˜…,Medium,Low,5 â˜…,52,88,77,79,34,77,425
217940,D. Djena,Dakonam Djena,https://cdn.sofifa.com/players/217/940/21_60.png,http://sofifa.com/player/217940/dakonam-djene/210006/,Togo,28,82,83,Getafe Cf,2017 ~ 2023,CB,178cm,72kg,Right,83,CB,24-07-2017,â‚¬29M,â‚¬39K,â‚¬46.8M,263,60,29,77,75,22,289,50,51,48,69,71,366,73,71,71,82,69,327,67,79,74,80,27,305,88,85,49,42,41,73,253,84,86,83,49,7,15,7,10,10,1852,396,4 â˜…,2â˜…,Medium,High,1 â˜…,72,37,62,61,84,80,88
236583,J. Pavlenka,JiAaPavlenka,https://cdn.sofifa.com/players/236/583/21_60.png,http://sofifa.com/player/236583/jiri-pavlenka/210006/,Czech Republic,28,82,83,Sv Werder Bremen,2017 ~ 2022,GK,196cm,81kg,Right,82,GK,01-07-2017,â‚¬24M,â‚¬32K,â‚¬34.7M,88,11,16,14,28,19,72,12,10,14,17,19,218,35,37,39,80,27,192,51,36,20,68,17,92,22,13,14,25,18,39,36,12,10,14,391,84,76,68,76,87,1089,427,3 â˜…,1â˜…,Medium,Medium,1 â˜…,84,76,68,87,36,76,42
193525,Ma¡Rio Fernandes,Ma¡Rio Figueira Fernandes,https://cdn.sofifa.com/players/193/525/21_60.png,http://sofifa.com/player/193525/mario-figueira-fernandes/210006/,Russia,29,82,82,Pfc Cska Moscow,2012 ~ 2022,"RWB, RM",187cm,80kg,Right,82,RWB,01-07-2012,â‚¬27M,â‚¬60K,â‚¬29.6M,344,76,56,72,82,58,335,80,66,39,71,79,383,79,84,79,80,61,377,71,84,87,75,60,355,77,76,76,73,53,76,244,80,81,83,64,12,13,14,13,12,2102,454,3 â˜…,3â˜…,High,Medium,2 â˜…,82,61,74,79,79,79,62
207877,J. Marta­Nez,Josef Marta­Nez,https://cdn.sofifa.com/players/207/877/21_60.png,http://sofifa.com/player/207877/josef-martinez/210006/,Venezuela,27,81,82,Atlanta United,2017 ~ 2023,ST,170cm,69kg,Right,82,ST,22-03-2017,â‚¬30M,â‚¬14K,â‚¬33.1M,359,53,85,77,69,75,335,76,68,57,55,79,441,87,90,91,81,92,390,84,90,72,78,66,308,66,20,85,58,79,75,55,20,20,15,60,12,14,14,12,8,1948,409,4 â˜…,3â˜…,High,Medium,1 â˜…,89,80,61,79,25,75,178
234396,A. Davies,Alphonso Davies,https://cdn.sofifa.com/players/234/396/21_60.png,http://sofifa.com/player/234396/alphonso-davies/210006/,Canada,19,81,89,Fc Bayern Ma¼Nchen,2019 ~ 2025,"LB, LM, RM",181cm,72kg,Left,81,LB,01-01-2019,â‚¬53M,â‚¬40K,â‚¬41.6M,340,73,67,64,77,59,333,85,67,44,58,79,438,96,96,85,79,82,364,71,77,79,74,63,356,77,76,75,68,60,74,233,77,77,79,47,11,11,6,5,14,2111,467,4 â˜…,4â˜…,High,Medium,1 â˜…,96,67,69,83,76,76,841
227796,C. Pulisic,Christian Pulisic,https://cdn.sofifa.com/players/227/796/21_60.png,http://sofifa.com/player/227796/christian-pulisic/210006/,United States,21,81,87,Chelsea,2019 ~ 2024,"LW, RW, LM",177cm,69kg,Right,82,RM,02-01-2019,â‚¬41.5M,â‚¬83K,â‚¬51.5M,341,72,72,50,77,70,355,86,69,58,59,83,430,91,87,87,79,86,345,77,79,77,54,58,294,45,33,77,78,61,72,117,38,32,47,63,8,12,13,16,14,1945,412,4 â˜…,4â˜…,Medium,Medium,3 â˜…,89,70,72,85,37,59,407
220971,N. Kea¯Ta,Naby Kea¯Ta,https://cdn.sofifa.com/players/220/971/21_60.png,http://sofifa.com/player/220971/naby-keita/210006/,Guinea,25,81,85,Liverpool,2018 ~ 2023,CM,172cm,64kg,Right,83,CAM,01-07-2018,â‚¬35.5M,â‚¬95K,â‚¬43.3M,334,62,74,42,85,71,385,87,64,70,76,88,403,77,66,89,81,90,337,76,52,79,57,73,366,78,76,74,80,58,81,194,68,64,62,59,7,14,15,14,9,2078,438,4 â˜…,4â˜…,High,Medium,2 â˜…,71,73,76,87,65,66,103
204639,S. Savia,Stefan Savia,https://cdn.sofifa.com/players/204/639/21_60.png,http://sofifa.com/player/204639/stefan-savic/210006/,Montenegro,29,81,82,AtlaTico Madrid,2015 ~ 2022,CB,187cm,80kg,Right,82,CB,20-07-2015,â‚¬24M,â‚¬60K,â‚¬36.1M,251,35,34,84,71,27,245,47,34,28,69,67,307,60,62,60,80,45,287,43,86,48,79,31,273,82,84,29,41,37,75,251,86,83,82,66,14,13,14,13,12,1680,362,3 â˜…,2â˜…,Medium,High,2 â˜…,61,35,54,56,84,72,62
204399,E. Zahavi,Eran Zahavi,https://cdn.sofifa.com/players/204/399/21_60.png,http://sofifa.com/player/204399/eran-zahavi/210006/,Israel,32,81,81,Psv,2020 ~ 2022,"ST, LM",182cm,71kg,Right,81,ST,20-09-2020,â‚¬21M,â‚¬27K,â‚¬19.6M,379,69,86,69,78,77,386,82,74,78,69,83,403,76,81,89,82,75,398,79,85,77,76,81,335,58,38,83,81,75,74,105,30,41,34,62,13,12,13,8,16,2068,431,4 â˜…,4â˜…,High,Low,1 â˜…,79,82,75,83,39,73,97
201417,M. Doherty,Matt Doherty,https://cdn.sofifa.com/players/201/417/21_60.png,http://sofifa.com/player/201417/matt-doherty/210006/,Republic Of Ireland,28,81,81,Tottenham Hotspur,2020 ~ 2024,"RWB, RB",182cm,87kg,Right,81,RWB,30-08-2020,â‚¬23.5M,â‚¬95K,â‚¬28.5M,340,80,62,74,78,46,330,74,63,45,69,79,360,69,75,67,81,68,386,76,82,93,72,63,345,76,76,77,68,48,70,228,75,78,75,55,15,8,12,11,9,2044,439,4 â˜…,3â˜…,High,Medium,1 â˜…,72,64,73,75,76,79,132
187754,Marlos,Marlos Romero Bonfim,https://cdn.sofifa.com/players/187/754/21_60.png,http://sofifa.com/player/187754/marlos-romero-bonfim/210006/,Ukraine,32,81,81,Shakhtar Donetsk,2014 ~ 2021,"RM, CAM",174cm,76kg,Left,81,RM,04-07-2014,â‚¬20.5M,â‚¬2K,â‚¬29.4M,355,75,79,53,80,68,402,87,82,72,73,88,405,81,80,85,75,84,366,77,66,73,72,78,343,58,51,72,82,80,84,133,45,46,42,49,6,13,13,8,9,2053,438,3 â˜…,5â˜…,Medium,Medium,2 â˜…,80,78,78,86,47,69,38
232119,C. Sa¶Ya¼Nca¼,a‡Aäÿlar Sa¶Ya¼Nca¼,https://cdn.sofifa.com/players/232/119/21_60.png,http://sofifa.com/player/232119/caglar-soyuncu/210006/,Turkey,24,80,85,Leicester City,2018 ~ 2023,CB,185cm,82kg,Right,82,CB,09-08-2018,â‚¬29M,â‚¬69K,â‚¬35.6M,284,46,39,75,76,48,278,65,39,39,64,71,335,65,72,64,77,57,335,65,76,68,82,44,317,89,79,42,55,52,76,242,78,84,80,34,6,7,7,7,7,1825,402,4 â˜…,2â˜…,Medium,Medium,1 â˜…,69,46,60,67,80,80,213
251700,S. Manda­Quez,Segundo Manda­Quez,https://cdn.sofifa.com/players/251/700/21_60.png,http://sofifa.com/player/251700/segundo-mandiquez/210006/,Ecuador,31,80,80,No Club,Free,ST,188cm,84kg,Right,80,ST,01-01-2010,â‚¬0,â‚¬0,â‚¬0,361,48,83,86,69,75,296,75,53,52,40,76,352,78,81,72,73,48,382,86,67,68,91,70,302,72,33,82,53,62,75,54,18,23,13,52,13,13,7,5,14,1799,399,4 â˜…,4â˜…,High,Medium,2 â˜…,80,80,56,74,29,80,28
229906,L. Bailey,Leon Bailey,https://cdn.sofifa.com/players/229/906/21_60.png,http://sofifa.com/player/229906/leon-bailey/210006/,Jamaica,22,80,85,Bayer 04 Leverkusen,2017 ~ 2023,"LM, RM",178cm,79kg,Left,81,CAM,31-01-2017,â‚¬32.5M,â‚¬59K,â‚¬35.5M,351,73,74,57,73,74,385,84,77,79,65,80,437,93,95,86,79,84,367,79,77,75,59,77,305,58,21,79,76,71,75,88,45,25,18,60,12,13,6,15,14,1993,423,4 â˜…,4â˜…,High,Low,1 â˜…,94,76,73,83,33,64,259
198951,C. Bakambu,CaDric Bakambu,https://cdn.sofifa.com/players/198/951/21_60.png,http://sofifa.com/player/198951/cedric-bakambu/210006/,Dr Congo,29,80,80,Beijing Sinobo Guoan Fc,2018 ~ 2021,ST,182cm,74kg,Right,80,ST,17-01-2018,â‚¬21M,â‚¬30K,â‚¬24M,384,74,84,73,75,78,344,77,72,54,66,75,417,91,90,83,81,72,394,80,84,80,76,74,339,72,39,84,73,71,75,82,32,29,21,45,6,13,6,14,6,2005,432,3 â˜…,4â˜…,Medium,Medium,2 â˜…,90,80,72,77,36,77,102
199005,M. Ryan,Mathew Ryan,https://cdn.sofifa.com/players/199/005/21_60.png,http://sofifa.com/player/199005/mathew-ryan/210006/,Australia,28,80,82,Brighton & Hove Albion,2017 ~ 2022,GK,184cm,82kg,Right,80,GK,01-07-2017,â‚¬18M,â‚¬53K,â‚¬25.7M,103,23,11,14,40,15,117,13,23,12,45,24,282,53,52,53,74,50,257,62,78,34,65,18,162,36,23,10,68,25,64,47,10,20,17,399,81,75,82,79,82,1367,451,4 â˜…,1â˜…,Medium,Medium,1 â˜…,81,75,82,82,52,79,42
192064,Ricardo Goulart,Ricardo Goulart Pereira,https://cdn.sofifa.com/players/192/064/21_60.png,http://sofifa.com/player/192064/ricardo-goulart-pereira/210006/,China Pr,29,80,80,Hebei China Fortune Fc,"Jun 30, 2021 On Loan","CF, CAM, ST",181cm,80kg,Right,80,CF,13-01-2015,â‚¬21M,â‚¬35K,â‚¬0,386,73,77,78,81,77,377,78,70,72,74,83,390,80,81,72,76,81,377,78,75,75,70,79,330,61,33,83,77,76,78,112,37,41,34,46,9,14,8,8,7,2018,426,4 â˜…,4â˜…,High,Medium,2 â˜…,81,78,77,79,41,70,71
192883,H. Mkhitaryan,Henrikh Mkhitaryan,https://cdn.sofifa.com/players/192/883/21_60.png,http://sofifa.com/player/192883/henrikh-mkhitaryan/210006/,Armenia,31,80,80,Roma,2020 ~ 2023,"RM, CAM, RW",177cm,75kg,Right,80,RM,31-08-2020,â‚¬17.5M,â‚¬28K,â‚¬27.3M,372,78,73,64,80,77,387,83,82,66,73,83,398,79,77,80,79,83,352,83,66,74,57,72,364,69,60,81,82,72,78,161,53,53,55,42,5,11,14,5,7,2076,434,5 â˜…,4â˜…,High,Medium,3 â˜…,78,75,78,83,56,64,46
169588,J. Evans,Jonny Evans,https://cdn.sofifa.com/players/169/588/21_60.png,http://sofifa.com/player/169588/jonny-evans/210006/,Northern Ireland,32,80,80,Leicester City,2018 ~ 2021,CB,188cm,77kg,Right,80,CB,08-06-2018,â‚¬13.5M,â‚¬81K,â‚¬18.1M,278,52,28,78,74,46,249,42,34,37,65,71,297,55,58,46,81,57,288,42,80,64,78,24,292,79,82,30,57,44,78,246,83,81,82,67,12,16,16,15,8,1717,361,4 â˜…,2â˜…,Medium,High,2 â˜…,57,32,61,54,82,75,42
237239,E. Bardhi,Enis Bardhi,https://cdn.sofifa.com/players/237/239/21_60.png,http://sofifa.com/player/237239/enis-bardhi/210006/,North Macedonia,24,79,82,Levante Ud,2017 ~ 2022,"LM, CM",172cm,64kg,Right,81,CAM,17-07-2017,â‚¬24M,â‚¬26K,â‚¬34.8M,365,77,78,52,77,81,417,82,89,91,74,81,403,79,73,84,81,86,338,85,45,76,48,84,360,62,66,75,79,78,82,191,63,65,63,51,12,13,8,12,6,2125,438,4 â˜…,4â˜…,Medium,Medium,1 â˜…,76,81,78,82,63,58,113
229167,M. Rashica,Milot Rashica,https://cdn.sofifa.com/players/229/167/21_60.png,http://sofifa.com/player/229167/milot-rashica/210006/,Kosovo,24,79,85,Sv Werder Bremen,2018 ~ 2022,"CF, LW, RW",177cm,73kg,Right,81,CAM,31-01-2018,â‚¬28M,â‚¬32K,â‚¬35M,358,76,76,53,76,77,382,85,78,69,69,81,427,93,84,90,78,82,351,86,47,76,61,81,336,67,47,75,74,73,78,128,55,37,36,48,7,14,7,14,6,2030,436,4 â˜…,4â˜…,High,Medium,1 â˜…,88,79,74,84,46,65,282
227536,M. Marega,Moussa Marega,https://cdn.sofifa.com/players/227/536/21_60.png,http://sofifa.com/player/227536/moussa-marega/210006/,Mali,29,79,79,Fc Porto,2016 ~ 2021,"ST, RM",186cm,83kg,Right,79,ST,25-01-2016,â‚¬17.5M,â‚¬19K,â‚¬25M,363,65,80,78,65,75,277,64,58,37,52,66,371,87,90,66,78,50,415,84,76,93,90,72,337,89,26,84,67,71,74,113,51,34,28,56,14,7,13,11,11,1932,426,3 â˜…,3â˜…,High,Medium,2 â˜…,89,79,62,65,41,90,156
203299,A. Carrillo,Andra Carrillo,https://cdn.sofifa.com/players/203/299/21_60.png,http://sofifa.com/player/203299/andre-carrillo/210006/,Peru,29,79,79,Al Hilal,2019 ~ 2023,RM,180cm,75kg,Right,79,RM,23-07-2019,â‚¬17M,â‚¬48K,â‚¬21.3M,368,78,73,70,73,74,364,85,78,55,64,82,404,87,87,81,74,75,365,76,73,69,72,75,303,53,34,75,73,68,73,93,32,36,25,57,11,14,13,12,7,1954,421,4 â˜…,4â˜…,Medium,Medium,2 â˜…,87,74,72,83,37,68,49
201455,G. Kondogbia,Geoffrey Kondogbia,https://cdn.sofifa.com/players/201/455/21_60.png,http://sofifa.com/player/201455/geoffrey-kondogbia/210006/,Central African Republic,27,79,80,Valencia Cf,2018 ~ 2022,"CM, CDM",188cm,80kg,Left,81,CM,02-07-2018,â‚¬20M,â‚¬40K,â‚¬30.5M,352,65,69,75,81,62,351,76,62,56,78,79,358,68,69,73,80,68,422,86,78,81,94,83,367,86,80,77,79,45,84,236,77,79,80,53,15,10,10,8,10,2139,460,2 â˜…,4â˜…,High,Medium,2 â˜…,69,74,75,76,78,88,82
184484,G. Sigura°Sson,Gylfi Sigura°Sson,https://cdn.sofifa.com/players/184/484/21_60.png,http://sofifa.com/player/184484/gylfi-sigurdhsson/210006/,Iceland,30,79,79,Everton,2017 ~ 2022,"CAM, CM",186cm,77kg,Right,79,CAM,16-08-2017,â‚¬17M,â‚¬83K,â‚¬22.8M,376,84,73,60,83,76,412,78,87,85,77,85,314,57,54,66,76,61,375,84,65,79,64,83,352,57,59,77,81,78,80,179,60,62,57,58,13,8,10,15,12,2066,419,4 â˜…,3â˜…,Medium,Medium,3 â˜…,55,78,82,78,60,66,41
247263,E. Tapsoba,Edmond Tapsoba,https://cdn.sofifa.com/players/247/263/21_60.png,http://sofifa.com/player/247263/edmond-tapsoba/210006/,Burkina Faso,21,78,88,Bayer 04 Leverkusen,2020 ~ 2025,CB,192cm,78kg,Right,80,CB,31-01-2020,â‚¬29.5M,â‚¬38K,â‚¬29.5M,283,39,54,77,80,33,275,61,46,32,74,62,351,71,76,65,77,62,332,74,75,74,79,30,321,82,76,27,59,77,76,235,78,81,76,50,5,10,13,7,15,1847,408,3 â˜…,2â˜…,Medium,High,1 â˜…,74,52,63,63,78,78,749
237183,M. Rojas,Mata­As Rojas,https://cdn.sofifa.com/players/237/183/21_60.png,http://sofifa.com/player/237183/matias-rojas/210006/,Paraguay,24,78,84,Racing Club,2019 ~ 2023,"LM, CM, RM",186cm,78kg,Left,80,CAM,03-07-2019,â‚¬22M,â‚¬19K,â‚¬22.4M,354,69,76,64,79,66,406,82,85,84,74,81,374,73,84,77,74,66,380,85,65,79,68,83,350,64,69,76,75,66,79,180,60,62,58,45,8,6,12,8,11,2089,446,3 â˜…,4â˜…,High,Medium,1 â˜…,79,78,76,80,63,70,169
208520,H. Sakai,Hiroki Sakai,https://cdn.sofifa.com/players/208/520/21_60.png,http://sofifa.com/player/208520/hiroki-sakai/210006/,Japan,30,78,78,Olympique De Marseille,2016 ~ 2022,"RB, LB",183cm,70kg,Right,78,RB,01-07-2016,â‚¬12M,â‚¬37K,â‚¬15.2M,304,74,46,71,72,41,320,64,67,55,65,69,361,74,76,70,74,67,368,72,77,88,73,58,321,78,74,73,60,36,77,231,76,76,79,51,13,8,11,10,9,1956,417,3 â˜…,2â˜…,High,High,1 â˜…,75,54,68,67,75,78,64
201325,C. TäƒtäƒruèAnu,Ciprian TäƒtäƒruèAnu,https://cdn.sofifa.com/players/201/325/21_60.png,http://sofifa.com/player/201325/ciprian-tatarusanu/210006/,Romania,34,78,78,Milan,2020 ~ 2023,GK,198cm,90kg,Right,78,GK,11-09-2020,â‚¬2.4M,â‚¬30K,â‚¬7.7M,90,13,15,15,36,11,93,16,11,11,36,19,252,46,43,51,74,38,248,56,65,42,73,12,135,33,26,13,47,16,44,39,12,15,12,387,79,76,75,77,80,1244,431,3 â˜…,1â˜…,Medium,Medium,2 â˜…,79,76,75,80,44,77,35
192123,C. Wood,Chris Wood,https://cdn.sofifa.com/players/192/123/21_60.png,http://sofifa.com/player/192123/chris-wood/210005/,New Zealand,28,78,78,Burnley,2017 ~ 2023,ST,"6'3""",203lbs,Right,78,ST,21-08-2017,â‚¬10.5M,â‚¬62K,â‚¬20M,352,46,79,86,67,74,322,66,69,64,48,75,331,64,68,60,78,61,392,81,77,76,86,72,339,74,40,80,64,81,77,98,39,30,29,69,14,16,16,7,16,1903,392,3 â˜…,2â˜…,High,Medium,1 â˜…,66,78,59,68,40,81,34
241788,M. Taremi,Mehdi Taremi,https://cdn.sofifa.com/players/241/788/21_60.png,http://sofifa.com/player/241788/mehdi-taremi/210006/,Iran,27,77,77,Fc Porto,2020 ~ 2024,"ST, CF",187cm,82kg,Right,77,ST,31-08-2020,â‚¬11.5M,â‚¬16K,â‚¬19M,355,65,78,69,70,73,340,85,71,43,58,83,340,68,67,66,79,60,368,79,70,71,76,72,267,31,17,78,69,72,80,89,33,37,19,52,9,11,9,15,8,1811,388,4 â˜…,4â˜…,High,Medium,1 â˜…,67,76,66,81,33,65,51
216655,Bastos,Bartolomeu Quissanga,https://cdn.sofifa.com/players/216/655/21_60.png,http://sofifa.com/player/216655/bartolomeu-quissanga/210006/,Angola,28,77,78,Lazio,2016 ~ 2021,CB,180cm,77kg,Right,78,CB,17-08-2016,â‚¬10M,â‚¬50K,â‚¬15.1M,241,36,30,74,70,31,258,62,35,28,65,68,366,79,78,61,72,76,298,49,69,59,80,41,263,75,79,31,28,50,67,237,80,80,77,56,13,8,11,12,12,1719,382,3 â˜…,2â˜…,Medium,High,2 â˜…,78,37,50,65,79,73,42
225126,E. Skhiri,Ellyes Skhiri,https://cdn.sofifa.com/players/225/126/21_60.png,http://sofifa.com/player/225126/ellyes-skhiri/210006/,Tunisia,25,77,80,1. Fc Ka¶Ln,2019 ~ 2023,"CDM, CM",185cm,73kg,Right,78,CDM,29-07-2019,â‚¬12.5M,â‚¬25K,â‚¬18.8M,343,71,62,73,77,60,350,74,72,55,74,75,326,62,55,74,71,64,386,78,76,84,69,79,335,69,85,56,67,58,69,227,78,76,73,65,15,14,8,14,14,2032,423,3 â˜…,3â˜…,Medium,High,1 â˜…,58,68,72,74,78,73,29
223627,O. Al Soma,Omar Al Soma,https://cdn.sofifa.com/players/223/627/21_60.png,http://sofifa.com/player/223627/omar-al-soma/210006/,Syria,31,77,77,Al Ahli,2014 ~ 2021,ST,190cm,86kg,Right,77,ST,01-07-2014,â‚¬9M,â‚¬42K,â‚¬13.6M,362,68,80,77,70,67,359,72,69,78,65,75,349,70,69,69,75,66,390,85,63,78,88,76,333,67,43,76,71,76,71,98,31,33,34,56,9,7,15,12,13,1947,408,4 â˜…,3â˜…,High,Low,2 â˜…,69,79,69,72,39,80,12
221639,Mariano,Mariano Da­Az Meja­A,https://cdn.sofifa.com/players/221/639/21_60.png,http://sofifa.com/player/221639/mariano-diaz-mejia/210006/,Dominican Republic,26,77,78,Real Madrid,2018 ~ 2023,ST,180cm,76kg,Right,78,ST,29-08-2018,â‚¬12.5M,â‚¬125K,â‚¬22.3M,345,50,79,80,66,70,348,73,76,76,51,72,382,78,80,78,74,72,413,85,92,76,78,82,345,84,45,78,63,75,68,115,41,40,34,55,12,14,6,8,15,2003,417,4 â˜…,3â˜…,High,Medium,1 â˜…,79,80,61,73,45,79,88
244193,Jovane Cabral,Jovane Eduardo Borges Cabral,https://cdn.sofifa.com/players/244/193/21_60.png,http://sofifa.com/player/244193/jovane-eduardo-borges-cabral/210006/,Cape Verde,22,77,87,Sporting Cp,2015 ~ 2023,"LW, RW",176cm,72kg,Right,78,CAM,01-07-2015,â‚¬23.5M,â‚¬14K,â‚¬31.9M,346,73,71,57,71,74,377,82,76,75,66,78,413,87,87,86,76,77,361,79,72,70,66,74,295,59,23,75,72,66,80,100,37,35,28,50,12,6,9,15,8,1942,413,4 â˜…,4â˜…,High,Medium,1 â˜…,87,73,71,81,35,66,292
200054,Pedro Obiang,Pedro Mba Obiang Avomo,https://cdn.sofifa.com/players/200/054/21_60.png,http://sofifa.com/player/200054/pedro-mba-obiang-avomo/210006/,Equatorial Guinea,28,76,77,Sassuolo,2019 ~ 2023,"CDM, CM",185cm,75kg,Right,76,CDM,24-07-2019,â‚¬7M,â‚¬29K,â‚¬13.3M,325,68,50,70,77,60,347,74,56,62,79,76,310,58,57,63,69,63,355,74,72,72,72,65,344,71,76,60,78,59,76,227,72,78,77,36,9,7,7,6,7,1944,410,3 â˜…,3â˜…,Medium,Medium,2 â˜…,57,59,74,73,75,72,18
188942,V. Wanyama,Victor Wanyama,https://cdn.sofifa.com/players/188/942/21_60.png,http://sofifa.com/player/188942/victor-wanyama/210006/,Kenya,29,76,76,Montreal Impact,2020 ~ 2022,"CDM, CM",184cm,87kg,Right,78,CB,06-03-2020,â‚¬6.5M,â‚¬9K,â‚¬9.4M,325,62,61,68,74,60,331,68,62,57,70,74,306,51,51,62,77,65,359,79,78,54,88,60,351,87,78,63,58,65,70,233,76,80,77,59,6,14,10,13,16,1964,408,3 â˜…,2â˜…,Low,High,2 â˜…,51,65,66,70,77,79,37
190734,G. Makaridze,Giorgi Makaridze,https://cdn.sofifa.com/players/190/734/21_60.png,http://sofifa.com/player/190734/giorgi-makaridze/210006/,Georgia,30,76,77,Ud Almera­A,2020 ~ 2022,GK,190cm,85kg,Right,76,GK,13-09-2020,â‚¬5.5M,â‚¬8K,â‚¬10.1M,70,10,17,16,14,13,97,25,15,17,12,28,267,43,45,46,75,58,226,47,62,29,73,15,124,19,17,15,44,29,18,41,13,15,13,364,79,73,63,73,76,1189,408,2 â˜…,1â˜…,Medium,Medium,1 â˜…,79,73,63,76,44,73,8
202089,L. Meja­A,Luis Meja­A,https://cdn.sofifa.com/players/202/089/21_60.png,http://sofifa.com/player/202089/luis-mejia/210006/,Panama,29,76,78,Nacional De Montevideo,2019 ~ 2021,GK,190cm,80kg,Left,76,GK,12-09-2019,â‚¬6M,â‚¬1K,â‚¬14.8M,98,21,14,13,34,16,121,13,21,19,52,16,305,57,52,62,76,58,266,49,78,40,82,17,142,40,19,13,52,18,31,56,30,13,13,367,77,72,65,75,78,1355,421,3 â˜…,1â˜…,Medium,Medium,1 â˜…,77,72,65,78,54,75,21
241202,P. Daka,Patson Daka,https://cdn.sofifa.com/players/241/202/21_60.png,http://sofifa.com/player/241202/patson-daka/210006/,Zambia,21,76,85,Fc Red Bull Salzburg,2017 ~ 2024,ST,183cm,71kg,Right,78,ST,01-07-2017,â‚¬17M,â‚¬22K,â‚¬20.4M,337,51,81,66,66,73,311,76,65,35,61,74,421,94,93,87,76,71,381,76,88,80,66,71,269,63,17,76,53,60,63,58,18,24,16,39,8,6,9,5,11,1816,397,3 â˜…,3â˜…,Medium,Medium,1 â˜…,93,76,58,76,24,70,414
218066,M. Samatta,Mbwana Ally Samatta,https://cdn.sofifa.com/players/218/066/21_60.png,http://sofifa.com/player/218066/mbwana-ally-samatta/210006/,Tanzania,27,76,77,Fenerbaha§E Sk,"May 31, 2021 On Loan",ST,183cm,80kg,Right,77,ST,20-01-2020,â‚¬9M,â‚¬55K,â‚¬0,378,69,79,79,75,76,310,71,65,57,45,72,374,78,79,75,73,69,382,78,88,77,72,67,296,66,18,79,63,70,78,83,32,28,23,51,12,14,9,7,9,1874,398,4 â˜…,3â˜…,High,High,1 â˜…,79,76,66,72,32,73,54
222994,M. Nakamba,Marvelous Nakamba,https://cdn.sofifa.com/players/222/994/21_60.png,http://sofifa.com/player/222994/marvelous-nakamba/210006/,Zimbabwe,26,75,78,Aston Villa,2019 ~ 2024,"CDM, CM",176cm,76kg,Left,76,CDM,01-08-2019,â‚¬6.5M,â‚¬44K,â‚¬14.8M,251,46,36,55,73,41,295,70,45,37,72,71,368,76,67,76,71,78,365,77,78,79,77,54,317,85,74,55,65,38,71,228,76,77,75,57,9,15,10,15,8,1881,407,2 â˜…,3â˜…,Medium,High,1 â˜…,71,49,63,71,74,79,32
204883,B. Samba,Brice Samba,https://cdn.sofifa.com/players/204/883/21_60.png,http://sofifa.com/player/204883/brice-samba/210006/,Congo,26,75,79,Nottingham Forest,2019 ~ 2022,GK,186cm,79kg,Left,75,GK,08-08-2019,â‚¬6M,â‚¬33K,â‚¬12.8M,78,10,9,15,31,13,82,12,14,13,21,22,273,49,60,39,71,54,229,55,57,37,70,10,84,26,18,11,14,15,53,38,12,14,12,369,77,69,73,71,79,1153,424,3 â˜…,1â˜…,Medium,Medium,1 â˜…,77,69,73,79,55,71,31
225144,P. Tau,Percy Tau,https://cdn.sofifa.com/players/225/144/21_60.png,http://sofifa.com/player/225144/percy-tau/210006/,South Africa,26,75,77,Rsc Anderlecht,"Jun 30, 2021 On Loan","CF, CAM, LW",175cm,65kg,Left,77,CAM,20-07-2018,â‚¬7M,â‚¬53K,â‚¬0,352,70,71,64,73,74,357,80,78,63,56,80,401,83,80,89,69,80,327,69,78,68,40,72,282,40,29,75,70,68,75,88,28,35,25,58,6,13,13,15,11,1865,384,4 â˜…,4â˜…,Medium,Low,1 â˜…,81,71,69,80,34,49,23
182133,A. Epureanu,Alexandru Epureanu,https://cdn.sofifa.com/players/182/133/21_60.png,http://sofifa.com/player/182133/alexandru-epureanu/210006/,Moldova,33,75,75,Medipol BaAÿakAÿehir Fk,2014 ~ 2021,CB,189cm,76kg,Left,75,CB,11-07-2014,â‚¬2.7M,â‚¬30K,â‚¬5.9M,306,39,53,81,71,62,270,56,39,52,62,61,234,49,46,34,71,34,293,64,34,69,85,41,294,75,74,53,41,51,69,230,76,80,74,51,12,12,12,8,7,1678,363,2 â˜…,2â˜…,Low,Medium,1 â˜…,47,53,55,55,77,76,9
217235,Zainadine,Zainadine Chavango Jaºnior,https://cdn.sofifa.com/players/217/235/21_60.png,http://sofifa.com/player/217235/zainadine-chavango-junior/210006/,Mozambique,32,75,75,Clube Sport Mara­Timo,2017 ~ 2022,CB,178cm,70kg,Right,75,CB,01-07-2017,â‚¬3.6M,â‚¬10K,â‚¬9M,248,58,22,74,64,30,316,58,65,69,59,65,347,68,68,65,76,70,368,68,93,76,72,59,288,86,76,42,39,45,64,228,78,76,74,68,13,13,14,15,13,1863,381,3 â˜…,2â˜…,Medium,High,1 â˜…,68,41,57,62,76,77,6
223198,A. Adnan,Ali Adnan,https://cdn.sofifa.com/players/223/198/21_60.png,http://sofifa.com/player/223198/ali-adnan/210006/,Iraq,26,75,76,Vancouver Whitecaps Fc,2019 ~ 2021,"LB, LWB, LM",185cm,70kg,Left,75,LB,15-03-2019,â‚¬6M,â‚¬8K,â‚¬10.7M,323,74,59,66,68,56,361,77,68,74,67,75,353,75,74,68,76,60,402,86,77,84,80,75,347,80,69,68,66,64,75,215,70,76,69,59,12,13,16,8,10,2060,438,4 â˜…,4â˜…,High,Medium,1 â˜…,74,68,69,75,71,81,43
237960,Mama Balda,Mama Samba Balda,https://cdn.sofifa.com/players/237/960/21_60.png,http://sofifa.com/player/237960/mama-samba-balde/210006/,Guinea Bissau,24,75,79,Dijon Fco,2019 ~ 2022,"RM, RW, ST",176cm,69kg,Right,77,ST,01-07-2019,â‚¬8M,â‚¬13K,â‚¬17.6M,356,70,74,74,70,68,325,75,73,39,66,72,391,84,92,73,75,67,371,79,79,77,70,66,334,80,67,76,63,48,66,189,61,65,63,50,6,12,13,13,6,2016,440,3 â˜…,3â˜…,High,Medium,1 â˜…,88,72,67,74,65,74,24
236245,A. Elis,Alberth Elis,https://cdn.sofifa.com/players/236/245/21_60.png,http://sofifa.com/player/236245/alberth-elis/210006/,Honduras,24,75,81,Boavista Fc,2020 ~ 2023,"RM, RW, ST",180cm,77kg,Right,76,ST,21-09-2020,â‚¬9M,â‚¬9K,â‚¬20.7M,331,58,73,69,65,66,330,79,59,57,58,77,396,91,89,79,74,63,363,72,80,74,72,65,312,68,33,73,73,65,69,73,27,21,25,41,9,7,6,10,9,1846,402,4 â˜…,4â˜…,High,Medium,1 â˜…,90,70,63,77,30,72,85
190971,O. Alonso,Osvaldo Alonso,https://cdn.sofifa.com/players/190/971/21_60.png,http://sofifa.com/player/190971/osvaldo-alonso/210006/,Cuba,34,75,75,Minnesota United Fc,2019 ~ 2023,"CDM, CM",180cm,70kg,Right,75,CDM,13-02-2019,â‚¬1.9M,â‚¬8K,â‚¬3.9M,317,47,55,64,82,69,343,74,66,51,78,74,336,63,60,66,73,74,361,84,63,72,76,66,346,87,68,63,62,66,77,216,71,73,72,60,9,12,15,16,8,1979,414,4 â˜…,2â˜…,Medium,High,1 â˜…,61,65,68,73,70,77,12
234774,K. Laifis,Konstantinos Laifis,https://cdn.sofifa.com/players/234/774/21_60.png,http://sofifa.com/player/234774/konstantinos-laifis/210006/,Cyprus,27,74,76,Standard De Lia¨Ge,2018 ~ 2022,"CB, LB",186cm,82kg,Left,76,CB,08-05-2018,â‚¬4.5M,â‚¬14K,â‚¬9.5M,340,69,56,74,75,66,335,68,64,59,73,71,333,63,68,64,75,63,356,70,68,78,74,66,327,72,76,58,67,54,75,223,75,75,73,59,15,8,13,13,10,1973,416,3 â˜…,2â˜…,Medium,High,1 â˜…,66,61,71,69,75,74,13
192297,G. Arlauskis,Giedrius Arlauskis,https://cdn.sofifa.com/players/192/297/21_60.png,http://sofifa.com/player/192297/giedrius-arlauskis/210006/,Lithuania,32,74,74,Al Shabab,2020 ~ 2022,GK,192cm,85kg,Right,74,GK,08-09-2020,â‚¬2.1M,â‚¬21K,â‚¬5.8M,77,19,14,15,15,14,78,13,16,17,13,19,231,33,34,38,70,56,198,51,57,38,40,12,92,33,16,13,19,11,31,51,23,14,14,364,77,68,68,72,79,1091,398,3 â˜…,1â˜…,Medium,Medium,1 â˜…,77,68,68,79,34,72,6
140620,R. Klavan,Ragnar Klavan,https://cdn.sofifa.com/players/140/620/21_60.png,http://sofifa.com/player/140620/ragnar-klavan/210006/,Estonia,34,74,74,Cagliari,2018 ~ 2021,CB,187cm,78kg,Left,74,CB,17-08-2018,â‚¬1.4M,â‚¬25K,â‚¬3.6M,274,52,38,78,72,34,279,56,48,34,73,68,257,42,35,55,71,54,299,67,70,36,70,56,293,77,74,38,60,44,67,228,75,78,75,59,11,15,11,10,12,1689,348,3 â˜…,2â˜…,Medium,Medium,2 â˜…,38,48,63,60,76,63,17
139860,J. Morel,JaRaMy Morel,https://cdn.sofifa.com/players/139/860/21_60.png,http://sofifa.com/player/139860/jeremy-morel/210006/,Madagascar,36,74,74,Fc Lorient,2020 ~ 2021,"CB, LB",172cm,71kg,Left,74,CB,01-07-2020,â‚¬750K,â‚¬17K,â‚¬2.2M,276,56,36,75,69,40,289,54,57,50,65,63,332,62,61,62,70,77,329,62,83,68,75,41,316,82,75,50,56,53,72,227,77,72,78,53,12,8,11,11,11,1822,376,2 â˜…,2â˜…,Low,High,2 â˜…,61,44,62,59,75,75,15
163699,S. Sessa¨Gnon,StaPhane Sessa¨Gnon,https://cdn.sofifa.com/players/163/699/21_60.png,http://sofifa.com/player/163699/stephane-sessegnon/210006/,Benin,36,74,74,Gena§Lerbirliäÿi Sk,2018 ~ 2025,"CAM, CM",172cm,72kg,Right,75,RM,25-01-2018,â‚¬1.4M,â‚¬12K,â‚¬3.8M,357,76,70,70,72,69,368,80,73,69,71,75,391,72,76,84,71,88,346,68,71,71,72,64,376,76,72,73,79,76,77,180,46,68,66,56,7,14,13,11,11,2074,431,3 â˜…,4â˜…,High,High,2 â˜…,74,69,74,79,62,73,21
189084,E. Room,Eloy Room,https://cdn.sofifa.com/players/189/084/21_60.png,http://sofifa.com/player/189084/eloy-room/210006/,Curacao,31,74,74,Columbus Crew Sc,2019 ~ 2021,GK,188cm,81kg,Right,74,GK,09-07-2019,â‚¬2.2M,â‚¬6K,â‚¬5.4M,106,20,16,11,41,18,110,12,13,12,46,27,257,46,44,47,74,46,231,50,70,34,65,12,148,27,14,9,61,37,60,47,17,17,13,357,76,71,66,70,74,1256,402,3 â˜…,1â˜…,Medium,Medium,1 â˜…,76,71,66,74,45,70,12
210602,S. Al Dawsari,Salem Al Dawsari,https://cdn.sofifa.com/players/210/602/21_60.png,http://sofifa.com/player/210602/salem-al-dawsari/210006/,Saudi Arabia,28,74,74,Al Hilal,2011 ~ 2022,"LM, RM",174cm,72kg,Right,74,LM,01-07-2011,â‚¬4.2M,â‚¬34K,â‚¬9.4M,329,67,70,58,65,69,343,78,69,60,60,76,386,82,82,82,65,75,339,72,44,84,71,68,333,81,47,71,72,62,69,143,55,39,49,56,7,12,13,14,10,1929,418,4 â˜…,4â˜…,High,Medium,1 â˜…,82,70,66,77,48,75,15
226536,O. Colley,Omar Colley,https://cdn.sofifa.com/players/226/536/21_60.png,http://sofifa.com/player/226536/omar-colley/210006/,Gambia,27,74,77,Sampdoria,2018 ~ 2022,CB,191cm,87kg,Left,76,CB,01-07-2018,â‚¬4.8M,â‚¬16K,â‚¬11.3M,237,44,28,79,62,24,233,44,38,37,52,62,304,54,75,59,72,44,298,41,62,76,88,31,247,84,70,28,32,33,70,217,66,77,74,49,8,7,7,14,13,1585,352,3 â˜…,2â˜…,Medium,High,1 â˜…,66,31,48,52,72,83,15
181573,O. Akhmedov,Odil Akhmedov,https://cdn.sofifa.com/players/181/573/21_60.png,http://sofifa.com/player/181573/odil-akhmedov/210006/,Uzbekistan,32,73,73,Tianjin Teda Fc,"Dec 31, 2020 On Loan","CM, CDM",180cm,75kg,Right,73,CM,01-01-2017,â‚¬2.4M,â‚¬12K,â‚¬0,331,68,69,61,74,59,334,69,58,65,71,71,356,71,65,70,75,75,361,72,71,76,70,72,349,68,71,70,76,64,72,218,75,72,71,65,11,12,16,12,14,2014,423,3 â˜…,3â˜…,Medium,Medium,1 â˜…,68,70,72,70,72,71,9
231041,C. Ninga,Casimir Ninga,https://cdn.sofifa.com/players/231/041/21_60.png,http://sofifa.com/player/231041/casimir-ninga/210006/,Chad,27,73,73,Sivasspor,"May 31, 2021 On Loan","LM, ST",186cm,81kg,Right,73,LM,08-08-2019,â‚¬3.2M,â‚¬19K,â‚¬0,341,69,70,63,68,71,317,72,65,53,58,69,373,89,91,66,70,57,392,79,79,86,76,72,297,69,24,70,64,70,67,69,21,25,23,50,6,11,9,15,9,1839,401,3 â˜…,3â˜…,High,Medium,1 â˜…,90,72,65,70,27,77,6
198128,Caio,Caio Canedo Corraªa,https://cdn.sofifa.com/players/198/128/21_60.png,http://sofifa.com/player/198128/caio-canedo-correa/210006/,United Arab Emirates,29,73,73,Al Ain Fc,2019 ~ 2022,"ST, LM",179cm,70kg,Right,73,ST,09-07-2019,â‚¬3M,â‚¬1K,â‚¬8.6M,353,63,74,74,68,74,343,77,68,62,62,74,385,80,82,80,68,75,353,72,73,74,63,71,307,64,25,75,68,75,75,73,24,24,25,59,12,13,15,7,12,1873,391,4 â˜…,3â˜…,High,Medium,1 â˜…,81,73,66,76,29,66,10
192495,R. Sawyers,Romaine Sawyers,https://cdn.sofifa.com/players/192/495/21_60.png,http://sofifa.com/player/192495/romaine-sawyers/210006/,Saint Kitts And Nevis,28,73,73,West Bromwich Albion,2019 ~ 2022,"CM, CDM",185cm,67kg,Right,73,CM,27-07-2019,â‚¬3M,â‚¬60K,â‚¬8M,312,57,58,55,80,62,342,72,65,51,77,77,363,68,69,79,69,78,315,60,42,77,70,66,321,68,58,64,74,57,77,181,66,63,52,50,12,11,6,15,6,1884,406,3 â˜…,3â˜…,Low,High,1 â˜…,69,60,72,74,61,70,22
252308,A. Musrati,Ali Musrati,https://cdn.sofifa.com/players/252/308/21_60.png,http://sofifa.com/player/252308/ali-musrati/210006/,Libya,24,73,78,Sc Braga,2020 ~ 2022,"CDM, CM",189cm,83kg,Right,74,CDM,07-08-2020,â‚¬4.2M,â‚¬10K,â‚¬10.2M,270,60,46,51,73,40,292,68,43,41,70,70,267,55,55,42,70,45,329,63,58,69,87,52,318,77,71,54,68,48,76,210,70,73,67,45,15,6,8,8,8,1731,385,2 â˜…,2â˜…,Low,Medium,1 â˜…,55,51,66,65,69,79,21
176048,K. Kamara,Kei Kamara,https://cdn.sofifa.com/players/176/048/21_60.png,http://sofifa.com/player/176048/kei-kamara/210006/,Sierra Leone,35,73,73,Minnesota United Fc,2020 ~ 2021,ST,191cm,86kg,Right,73,ST,19-09-2020,â‚¬1.3M,â‚¬6K,â‚¬2.7M,351,64,73,80,66,68,294,71,60,42,51,70,354,72,73,71,73,65,386,75,92,76,79,64,315,75,30,75,61,74,71,83,52,13,18,52,11,8,11,6,16,1835,390,3 â˜…,3â˜…,Medium,Low,1 â˜…,73,72,61,71,35,78,12
193186,N. Etheridge,Neil Etheridge,https://cdn.sofifa.com/players/193/186/21_60.png,http://sofifa.com/player/193186/neil-etheridge/210006/,Philippines,30,73,74,Birmingham City,2020 ~ 2024,GK,191cm,85kg,Right,73,GK,11-09-2020,â‚¬2.3M,â‚¬12K,â‚¬6.1M,77,11,13,11,31,11,110,21,18,18,21,32,289,51,53,54,73,58,214,46,47,34,76,11,149,16,24,18,48,43,62,39,12,14,13,352,74,67,61,75,75,1230,404,3 â˜…,1â˜…,Medium,Medium,1 â˜…,74,67,61,75,52,75,11
254909,O. Dorley,Oscar Dorley,https://cdn.sofifa.com/players/254/909/21_60.png,http://sofifa.com/player/254909/oscar-dorley/210006/,Liberia,21,73,83,Sk Slavia Praha,2019 ~ 2023,"CDM, CM, RM",174cm,63kg,Left,77,LM,11-08-2019,â‚¬6.5M,â‚¬550,â‚¬14.4M,337,70,62,65,76,64,367,76,75,68,74,74,420,87,86,88,74,85,350,67,78,85,57,63,343,80,70,66,73,54,75,198,70,63,65,43,11,6,8,13,5,2058,436,4 â˜…,4â˜…,Medium,High,1 â˜…,86,63,73,77,67,70,146
245977,K. Despodov,Kiril Despodov,https://cdn.sofifa.com/players/245/977/21_60.png,http://sofifa.com/player/245977/kiril-despodov/210006/,Bulgaria,23,73,79,No Club,Free,"RM, ST, LM",178cm,69kg,Right,74,CAM,31-01-2019,â‚¬0,â‚¬0,â‚¬0,331,68,75,48,69,71,349,73,70,72,62,72,384,85,85,74,66,74,358,81,79,68,57,73,274,58,23,71,70,52,72,84,25,31,28,50,10,12,10,5,13,1830,390,4 â˜…,3â˜…,High,Medium,1 â˜…,85,74,68,73,29,61,44
213480,F. Bachirou,Fouad Bachirou,https://cdn.sofifa.com/players/213/480/21_60.png,http://sofifa.com/player/213480/fouad-bachirou/210006/,Comoros,30,73,73,Nottingham Forest,2020 ~ 2022,"CDM, CM",170cm,65kg,Right,73,CDM,26-08-2020,â‚¬2.5M,â‚¬35K,â‚¬6.3M,247,60,38,44,65,40,325,73,64,46,67,75,405,80,69,89,75,92,308,42,71,84,67,44,335,83,77,63,62,50,77,207,67,78,62,58,11,10,8,14,15,1885,400,3 â˜…,3â˜…,Medium,High,1 â˜…,74,42,63,76,70,75,8
228684,R. Nyambe,Ryan Nyambe,https://cdn.sofifa.com/players/228/684/21_60.png,http://sofifa.com/player/228684/ryan-nyambe/210006/,Namibia,22,72,81,Blackburn Rovers,2015 ~ 2021,RB,178cm,70kg,Right,72,RB,01-07-2015,â‚¬5M,â‚¬24K,â‚¬9M,258,67,32,63,66,30,262,72,33,32,59,66,369,81,80,73,65,70,300,34,76,77,83,30,253,58,66,52,41,36,53,208,70,70,68,59,8,16,14,11,10,1709,384,3 â˜…,3â˜…,Medium,High,1 â˜…,80,33,57,70,68,76,60
212607,M. Chanot,Maxime Chanot,https://cdn.sofifa.com/players/212/607/21_60.png,http://sofifa.com/player/212607/maxime-chanot/210006/,Luxembourg,30,72,72,New York City Fc,2016 ~ 2025,CB,186cm,84kg,Right,72,CB,16-07-2016,â‚¬1.9M,â‚¬6K,â‚¬3.8M,257,24,38,75,65,55,247,38,28,60,60,61,239,32,32,49,68,58,351,73,73,68,84,53,247,75,66,26,36,44,66,218,70,75,73,56,8,16,9,15,8,1615,328,3 â˜…,2â˜…,Medium,High,1 â˜…,32,49,48,49,72,78,11
226203,J. Jones,Joevin Jones,https://cdn.sofifa.com/players/226/203/21_60.png,http://sofifa.com/player/226203/joevin-jones/210006/,Trinidad & Tobago,28,72,72,Seattle Sounders Fc,2019 ~ 2020,"LM, LB",180cm,73kg,Left,72,LM,07-05-2019,â‚¬2.4M,â‚¬7K,â‚¬4.7M,282,71,57,46,70,38,330,72,72,52,64,70,379,79,80,77,68,75,344,64,72,80,68,60,322,69,65,71,69,48,70,196,64,66,66,49,9,9,15,9,7,1902,412,2 â˜…,3â˜…,Medium,Medium,1 â˜…,80,58,68,72,63,71,10
202686,N. Wells,Nahki Wells,https://cdn.sofifa.com/players/202/686/21_60.png,http://sofifa.com/player/202686/nahki-wells/210006/,Bermuda,30,72,72,Bristol City,2020 ~ 2023,ST,170cm,69kg,Right,72,ST,30-01-2020,â‚¬2.3M,â‚¬33K,â‚¬5.7M,339,60,76,70,65,68,325,68,67,65,53,72,381,77,74,79,72,79,326,69,64,69,57,67,333,68,49,77,69,70,69,113,35,43,35,47,10,6,13,11,7,1864,388,3 â˜…,3â˜…,High,Medium,1 â˜…,75,72,63,71,44,63,15
234698,C. Songkrasin,Chanathip Songkrasin,https://cdn.sofifa.com/players/234/698/21_60.png,http://sofifa.com/player/234698/chanathip-songkrasin/210006/,Thailand,26,72,73,Hokkaido Consadole Sapporo,2019 ~ 2021,"CF, CAM, LW",158cm,56kg,Right,75,CAM,18-01-2019,â‚¬2.8M,â‚¬6K,â‚¬4.9M,292,63,65,31,73,60,350,77,68,62,68,75,423,89,79,92,69,94,275,64,35,80,29,67,274,34,32,74,74,60,68,68,31,19,18,52,12,11,13,10,6,1734,366,3 â˜…,5â˜…,High,High,1 â˜…,84,65,70,78,26,43,26
204289,S. Berahino,Saido Berahino,https://cdn.sofifa.com/players/204/289/21_60.png,http://sofifa.com/player/204289/saido-berahino/210006/,Burundi,26,71,72,Sporting De Charleroi,"Jun 30, 2021 On Loan","ST, CAM, LM",180cm,82kg,Right,72,CAM,09-08-2019,â‚¬2.2M,â‚¬11K,â‚¬0,335,62,72,64,68,69,342,73,64,61,67,77,347,73,74,65,68,67,334,74,55,68,67,70,289,43,33,72,70,71,67,61,20,18,23,57,7,11,14,10,15,1765,375,4 â˜…,3â˜…,Medium,Low,2 â˜…,74,72,67,73,27,62,42
199511,W. Lautoa,Wesley Lautoa,https://cdn.sofifa.com/players/199/511/21_60.png,http://sofifa.com/player/199511/wesley-lautoa/210006/,New Caledonia,32,71,71,Dijon Fco,2017 ~ 2021,"CDM, CB",182cm,87kg,Left,71,CDM,09-07-2017,â‚¬1.2M,â‚¬9K,â‚¬3.2M,233,54,29,65,69,16,248,45,38,33,69,63,272,45,41,62,72,52,333,61,80,69,84,39,287,74,75,39,50,49,52,209,68,71,70,49,12,14,6,10,7,1631,342,3 â˜…,2â˜…,Low,High,1 â˜…,43,38,59,54,70,78,6
202076,Z. Valentin,Zarek Valentin,https://cdn.sofifa.com/players/202/076/21_60.png,http://sofifa.com/player/202076/zarek-valentin/210006/,Puerto Rico,28,71,71,Houston Dynamo,2019 ~ 2021,"RB, LB",183cm,77kg,Right,71,RB,19-11-2019,â‚¬1.7M,â‚¬6K,â‚¬2.9M,278,65,40,61,68,44,290,67,55,30,70,68,332,70,71,63,62,66,326,57,72,76,74,47,291,70,67,55,61,38,68,213,72,71,70,57,10,14,14,10,9,1787,391,4 â˜…,3â˜…,High,High,1 â˜…,71,46,64,67,69,74,10
211338,A. Chumacero,Alejandro Chumacero,https://cdn.sofifa.com/players/211/338/21_60.png,http://sofifa.com/player/211338/alejandro-chumacero/210006/,Bolivia,29,71,71,Puebla Fc,2018 ~ 2023,"CM, RM",164cm,63kg,Right,71,CM,01-01-2018,â‚¬1.8M,â‚¬7K,â‚¬3.9M,337,70,61,56,71,79,345,70,63,66,72,74,371,72,67,69,70,93,362,77,69,80,66,70,347,75,70,64,71,67,74,188,61,64,63,49,9,9,11,14,6,1999,412,3 â˜…,3â˜…,Medium,High,1 â˜…,69,67,70,72,63,71,11
213420,B. Islamkhan,Bauyrzhan Islamkhan,https://cdn.sofifa.com/players/213/420/21_60.png,http://sofifa.com/player/213420/bauyrzhan-islamkhan/210006/,Kazakhstan,27,71,72,Al Ain Fc,2020 ~ 2023,"CAM, LM",174cm,64kg,Right,72,CAM,30-07-2020,â‚¬2.2M,â‚¬850,â‚¬6M,303,68,57,47,75,56,354,72,71,65,75,71,376,73,74,81,65,83,320,73,57,68,50,72,281,45,26,64,73,73,70,132,39,42,51,58,14,10,11,8,15,1824,377,4 â˜…,3â˜…,High,Medium,1 â˜…,74,64,73,73,39,54,6
211966,M. Romeo,Mahlon Romeo,https://cdn.sofifa.com/players/211/966/21_60.png,http://sofifa.com/player/211966/mahlon-romeo/210006/,Antigua & Barbuda,24,71,76,Millwall,2015 ~ 2023,"RWB, RB",178cm,73kg,Right,71,RWB,05-05-2015,â‚¬2.6M,â‚¬8K,â‚¬5.5M,261,64,47,58,63,29,283,68,55,35,61,64,367,77,78,75,65,72,321,57,76,82,67,39,300,60,67,62,63,48,60,212,71,73,68,55,8,13,12,15,7,1799,393,3 â˜…,3â˜…,High,Medium,1 â˜…,78,47,61,68,69,70,15
186882,P.ATeinbors,PäVelsATeinbors,https://cdn.sofifa.com/players/186/882/21_60.png,http://sofifa.com/player/186882/pavels-steinbors/210006/,Latvia,34,70,70,Jagiellonia BiaA‚Ystok,2020 ~ 2022,GK,188cm,81kg,Right,70,GK,01-08-2020,â‚¬275K,â‚¬5K,â‚¬1M,102,16,11,18,43,14,110,16,17,21,35,21,221,39,35,50,60,37,212,49,59,36,53,15,143,30,29,14,45,25,61,55,21,18,16,349,72,66,65,72,74,1192,386,2 â˜…,1â˜…,Medium,Medium,1 â˜…,72,66,65,74,37,72,2
218717,G. Mhango,Gabadhino Mhango,https://cdn.sofifa.com/players/218/717/21_60.png,http://sofifa.com/player/218717/gabadhino-mhango/210006/,Malawi,27,70,70,Orlando Pirates,2019 ~ 2022,"ST, LW",162cm,76kg,Right,70,ST,01-07-2019,â‚¬1.7M,â‚¬650,â‚¬4.1M,295,42,78,56,51,68,234,70,31,27,38,68,366,79,75,75,63,74,341,73,68,66,71,63,243,29,18,74,58,64,71,46,21,14,11,53,7,11,12,8,15,1578,348,2 â˜…,3â˜…,High,Medium,1 â˜…,77,73,46,70,21,61,5
190311,L. Taylor,Lyle Taylor,https://cdn.sofifa.com/players/190/311/21_60.png,http://sofifa.com/player/190311/lyle-taylor/210006/,Montserrat,30,70,70,Nottingham Forest,2020 ~ 2023,ST,188cm,79kg,Right,70,ST,16-08-2020,â‚¬1.6M,â‚¬28K,â‚¬3.2M,307,53,76,57,58,63,300,69,48,67,45,71,363,77,82,80,69,55,308,66,39,67,81,55,298,50,31,76,63,78,69,110,40,35,35,60,12,16,12,10,10,1746,382,3 â˜…,3â˜…,High,Medium,1 â˜…,80,69,56,70,38,69,17
205425,Lua­S Leal,Lua­S Leal Dos Anjos,https://cdn.sofifa.com/players/205/425/21_60.png,http://sofifa.com/player/205425/luis-leal-dos-anjos/210006/,Sa£O Toma & Pra­Ncipe,33,70,70,Club Tijuana,2020 ~ 2020,"ST, RM",176cm,70kg,Right,70,ST,02-09-2020,â‚¬1M,â‚¬13K,â‚¬1.9M,330,64,68,67,62,69,330,65,62,81,57,65,353,69,69,69,72,74,364,81,62,68,74,79,302,72,34,69,61,66,66,87,30,30,27,53,8,9,12,13,11,1819,376,3 â˜…,3â˜…,Medium,Medium,1 â˜…,69,73,62,66,34,72,6
217217,D. CeraN,Darwin CeraN,https://cdn.sofifa.com/players/217/217/21_60.png,http://sofifa.com/player/217217/darwin-ceren/210006/,El Salvador,30,69,69,Houston Dynamo,2018 ~ 2020,"CDM, CM",177cm,73kg,Right,69,CDM,19-01-2018,â‚¬1.2M,â‚¬4K,â‚¬1.3M,268,52,51,49,70,46,305,62,42,64,72,65,297,52,54,53,60,78,304,71,32,74,68,59,323,77,66,57,59,64,64,199,67,68,64,58,7,14,13,15,9,1754,371,3 â˜…,2â˜…,Medium,Medium,1 â˜…,53,57,63,63,65,70,12
247854,M. El Hacen,Moctar El Hacen,https://cdn.sofifa.com/players/247/854/21_60.png,http://sofifa.com/player/247854/moctar-el-hacen/210006/,Mauritania,22,69,79,Cd Lugo,"Jun 30, 2021 On Loan","CM, CDM",181cm,79kg,Right,71,CM,24-07-2018,â‚¬3.1M,â‚¬8K,â‚¬0,270,34,69,57,72,38,271,67,30,35,69,70,252,40,43,40,70,59,341,51,79,68,83,60,328,62,72,67,65,62,57,194,60,74,60,61,14,15,13,13,6,1717,369,3 â˜…,2â˜…,Medium,Medium,1 â˜…,42,62,59,65,66,75,9
259191,M. Al-Tamari,Musa Al-Tamari,https://cdn.sofifa.com/players/259/191/21_60.png,http://sofifa.com/player/259191/musa-al-tamari/210006/,Jordan,23,69,75,Oud-Heverlee Leuven,2020 ~ 2023,"RW, LW",176cm,66kg,Left,70,CAM,05-10-2020,â‚¬2.2M,â‚¬7K,â‚¬2.3M,289,59,59,39,67,65,316,74,67,58,47,70,411,88,83,89,64,87,314,59,68,64,59,64,309,63,54,65,65,62,68,98,23,41,34,43,11,6,12,7,7,1780,381,4 â˜…,3â˜…,Medium,Medium,1 â˜…,85,61,62,74,37,62,11
168317,H. Goitom,Henok Goitom,https://cdn.sofifa.com/players/168/317/21_60.png,http://sofifa.com/player/168317/henok-goitom/210006/,Eritrea,35,69,69,Aik,2017 ~ 2020,ST,189cm,85kg,Right,69,ST,07-03-2017,â‚¬600K,â‚¬4K,â‚¬594K,330,55,67,68,67,73,322,68,63,58,61,72,267,49,51,52,70,45,322,70,48,55,89,60,328,63,49,78,73,65,76,109,55,34,20,57,16,10,14,6,11,1735,366,2 â˜…,3â˜…,Medium,Medium,1 â˜…,50,67,64,67,45,73,2
183593,J. John,Joshua John,https://cdn.sofifa.com/players/183/593/21_60.png,http://sofifa.com/player/183593/joshua-john/210006/,Aruba,31,68,68,Vvv-Venlo,2020 ~ 2021,LW,175cm,63kg,Right,68,LW,04-09-2020,â‚¬1M,â‚¬4K,â‚¬1.1M,305,67,60,53,63,62,298,69,64,45,52,68,397,85,87,88,65,72,277,63,62,55,36,61,272,59,26,63,62,62,67,84,27,27,30,60,6,12,16,14,12,1693,356,4 â˜…,3â˜…,Medium,Low,1 â˜…,86,61,61,71,30,47,5
232243,F. Miya,Farouk Miya,https://cdn.sofifa.com/players/232/243/21_60.png,http://sofifa.com/player/232243/farouk-miya/210006/,Uganda,22,68,72,Atiker Konyaspor,2019 ~ 2022,"CAM, ST",177cm,74kg,Right,70,CAM,20-08-2019,â‚¬1.8M,â‚¬7K,â‚¬2.5M,307,64,65,47,69,62,320,70,68,51,62,69,363,78,77,73,65,70,338,69,80,54,70,65,264,43,28,66,67,60,64,83,24,36,23,46,9,10,8,9,10,1721,370,4 â˜…,4â˜…,High,Medium,1 â˜…,77,65,66,70,31,61,5
208480,Zhou Dingyang,Dingyang Zhou,https://cdn.sofifa.com/players/208/480/21_60.png,http://sofifa.com/player/208480/dingyang-zhou/210006/,Chinese Taipei,26,68,71,Henan Jianye Fc,2019 ~ 2022,CM,180cm,72kg,Right,71,CDM,15-04-2019,â‚¬1.6M,â‚¬6K,â‚¬1.8M,305,64,56,67,66,52,309,63,57,50,69,70,339,64,70,68,66,71,359,65,78,78,72,66,340,70,69,68,67,66,66,205,71,70,64,55,12,8,8,13,14,1912,401,3 â˜…,2â˜…,Medium,High,1 â˜…,67,61,65,66,69,73,6
211870,D. Nazarov,Dimitrij Nazarov,https://cdn.sofifa.com/players/211/870/21_60.png,http://sofifa.com/player/211870/dimitrij-nazarov/210006/,Azerbaijan,30,68,68,Fc Erzgebirge Aue,2016 ~ 2023,"CAM, ST",184cm,73kg,Right,69,RW,01-07-2016,â‚¬1.2M,â‚¬5K,â‚¬1.3M,318,62,68,53,68,67,320,70,71,61,49,69,352,77,65,76,66,68,346,70,68,71,67,70,283,38,25,69,66,85,69,88,33,30,25,62,9,14,11,12,16,1769,367,4 â˜…,3â˜…,Medium,Medium,1 â˜…,70,70,63,70,32,62,5
244175,H. Amin,Hassan Amin,https://cdn.sofifa.com/players/244/175/21_60.png,http://sofifa.com/player/244175/hassan-amin/210006/,Afghanistan,28,68,68,Sv Meppen,2018 ~ 2021,LB,174cm,69kg,Left,68,LB,01-07-2018,â‚¬1.1M,â‚¬1K,â‚¬1.1M,271,69,49,46,64,43,290,66,55,53,48,68,381,80,78,82,63,78,291,48,71,82,46,44,263,61,58,45,53,46,58,190,64,63,63,53,13,7,7,12,14,1739,374,3 â˜…,3â˜…,High,Medium,1 â˜…,79,47,59,69,61,59,5
195286,J. Edmundsson,Ja³An Sa­Mun Edmundsson,https://cdn.sofifa.com/players/195/286/21_60.png,http://sofifa.com/player/195286/joan-simun-edmundsson/210006/,Faroe Islands,28,68,68,Dsc Arminia Bielefeld,2018 ~ 2021,"CAM, RW, CM",185cm,83kg,Left,68,CAM,01-07-2018,â‚¬1.2M,â‚¬10K,â‚¬1.6M,302,64,67,53,68,50,309,69,56,57,56,71,349,74,68,75,69,63,342,65,67,78,69,63,279,56,42,68,65,48,64,113,42,43,28,58,15,8,15,14,6,1752,380,4 â˜…,3â˜…,Medium,Medium,1 â˜…,71,64,64,70,42,69,7
228591,C. Arcus,Carlens Arcus,https://cdn.sofifa.com/players/228/591/21_60.png,http://sofifa.com/player/228591/carlens-arcus/210006/,Haiti,24,68,75,Aj Auxerre,2018 ~ 2022,RB,176cm,73kg,Right,68,RB,01-07-2018,â‚¬2.3M,â‚¬3K,â‚¬2.2M,259,64,37,60,64,34,250,58,38,31,56,67,335,71,72,63,53,76,299,46,73,72,71,37,238,58,62,38,40,40,52,205,65,71,69,50,8,10,6,15,11,1636,363,2 â˜…,2â˜…,Medium,Medium,1 â˜…,72,39,55,62,66,69,7
239611,M. Eisa,Mo Eisa,https://cdn.sofifa.com/players/239/611/21_60.png,http://sofifa.com/player/239611/mo-eisa/210006/,Sudan,25,67,70,Peterborough United,2019 ~ 2023,ST,183cm,70kg,Right,69,ST,01-06-2019,â‚¬1.4M,â‚¬5K,â‚¬1.8M,293,53,71,58,54,57,277,66,56,60,30,65,358,80,81,72,65,60,338,65,70,76,68,59,237,36,18,70,55,58,64,61,29,15,17,49,9,12,7,11,10,1613,352,3 â˜…,3â˜…,High,Medium,1 â˜…,81,66,51,66,24,64,12
203809,A. Pierre,Aaron Pierre,https://cdn.sofifa.com/players/203/809/21_60.png,http://sofifa.com/player/203809/aaron-pierre/210006/,Grenada,27,66,68,Shrewsbury,2019 ~ 2022,CB,185cm,88kg,Left,68,CB,24-06-2019,â‚¬900K,â‚¬3K,â‚¬1.2M,215,33,34,65,54,29,220,45,38,32,52,53,319,71,70,52,60,66,330,45,84,77,86,38,243,64,63,32,47,37,51,197,66,65,66,51,14,8,11,6,12,1575,347,3 â˜…,2â˜…,Medium,Medium,1 â˜…,70,37,46,50,65,79,3
211828,J. Oumari,Joan Oumari,https://cdn.sofifa.com/players/211/828/21_60.png,http://sofifa.com/player/211828/joan-oumari/210006/,Lebanon,31,66,66,Fc Tokyo,2020 ~ 2021,"CB, CDM",187cm,82kg,Left,66,CB,10-01-2020,â‚¬575K,â‚¬3K,â‚¬594K,226,32,41,64,63,26,210,43,28,25,58,56,274,55,70,48,60,41,307,53,70,63,83,38,229,64,63,30,30,42,50,194,64,66,64,49,10,12,6,7,14,1489,337,3 â˜…,2â˜…,Medium,Medium,1 â˜…,63,42,46,48,64,74,1
190883,A. Delagarza,A.J. Delagarza,https://cdn.sofifa.com/players/190/883/21_60.png,http://sofifa.com/player/190883/aj-delagarza/210006/,Guam,32,66,66,Inter Miami,2019 ~ 2020,RB,175cm,68kg,Right,66,RB,02-12-2019,â‚¬600K,â‚¬2K,â‚¬600K,283,59,49,60,67,48,294,57,61,55,58,63,348,69,65,72,64,78,298,53,73,70,66,36,298,71,64,55,56,52,64,189,64,62,63,61,13,9,16,12,11,1771,369,3 â˜…,2â˜…,Medium,High,1 â˜…,67,48,61,62,63,68,10
168629,I. Khalili,Imad Khalili,https://cdn.sofifa.com/players/168/629/21_60.png,http://sofifa.com/player/168629/imad-khalili/210006/,Palestine,33,66,66,Hammarby If,2015 ~ 2020,"RW, ST, CAM",182cm,75kg,Left,66,RW,15-07-2015,â‚¬525K,â‚¬2K,â‚¬500K,318,63,63,62,65,65,326,66,67,61,64,68,351,72,70,70,64,75,335,68,78,55,70,64,302,60,43,67,67,65,65,132,49,42,41,57,7,14,8,14,14,1821,379,3 â˜…,3â˜…,Medium,Medium,1 â˜…,71,65,65,67,46,65,2
258287,V. Lisakovich,Vitaliy Lisakovich,https://cdn.sofifa.com/players/258/287/21_60.png,http://sofifa.com/player/258287/vitaliy-lisakovich/210006/,Belarus,22,66,77,Lokomotiv Moscow,2020 ~ 2024,ST,179cm,73kg,Left,68,ST,08-08-2020,â‚¬1.9M,â‚¬12K,â‚¬2M,308,51,66,71,65,55,298,68,56,50,58,66,340,69,70,71,62,68,323,64,66,59,65,69,223,30,11,61,50,71,55,52,13,19,20,40,6,10,10,7,7,1584,338,3 â˜…,2â˜…,Medium,Medium,1 â˜…,70,66,57,67,21,57,8
207619,W. Creavalle,Warren Creavalle,https://cdn.sofifa.com/players/207/619/21_60.png,http://sofifa.com/player/207619/warren-creavalle/210006/,Guyana,29,65,65,Philadelphia Union,2016 ~ 2024,CDM,183cm,70kg,Right,65,CDM,25-01-2016,â‚¬600K,â‚¬2K,â‚¬713K,261,47,56,62,66,30,264,61,50,33,55,65,347,74,69,72,64,68,299,45,67,72,72,43,290,72,65,54,55,44,61,186,65,61,60,55,14,16,6,10,9,1702,375,3 â˜…,2â˜…,Low,High,1 â˜…,71,49,56,64,63,72,10
243339,D. Bizimana,Djihad Bizimana,https://cdn.sofifa.com/players/243/339/21_60.png,http://sofifa.com/player/243339/djihad-bizimana/210006/,Rwanda,23,65,70,Waasland-Beveren,2018 ~ 2021,"CDM, CM",180cm,77kg,Right,66,CDM,01-07-2018,â‚¬1M,â‚¬2K,â‚¬991K,316,63,58,61,66,68,316,61,60,64,68,63,317,64,56,69,60,68,339,74,72,63,64,66,317,74,64,59,62,58,65,189,64,63,62,41,6,12,8,7,8,1835,380,3 â˜…,3â˜…,Medium,Medium,1 â˜…,60,63,65,63,63,66,6
196905,S. Wieser,Sandro Wieser,https://cdn.sofifa.com/players/196/905/21_60.png,http://sofifa.com/player/196905/sandro-wieser/210006/,Liechtenstein,27,64,65,Fc Vaduz,2018 ~ 2021,"CDM, CM",185cm,80kg,Left,65,CB,01-07-2018,â‚¬600K,â‚¬2K,â‚¬724K,266,54,50,58,63,41,313,63,57,66,61,66,314,60,63,66,60,65,319,64,69,52,74,60,314,75,63,57,59,60,61,186,60,64,62,53,8,13,11,10,11,1765,371,3 â˜…,3â˜…,Medium,Medium,1 â˜…,62,55,60,64,62,68,5
209675,J. Donacien,Janoi Donacien,https://cdn.sofifa.com/players/209/675/21_60.png,http://sofifa.com/player/209675/janoi-donacien/210006/,Saint Lucia,26,64,66,Ipswich Town,2019 ~ 2022,"RB, LB",183cm,75kg,Right,66,CB,03-01-2019,â‚¬675K,â‚¬3K,â‚¬867K,233,55,24,62,56,36,199,52,24,24,44,55,338,77,78,62,60,61,300,50,73,67,75,35,267,70,61,45,45,46,59,186,61,63,62,61,13,12,6,16,14,1584,350,3 â˜…,2â˜…,Medium,High,1 â˜…,78,34,49,55,62,72,10
233227,D. Browne,David Browne,https://cdn.sofifa.com/players/233/227/21_60.png,http://sofifa.com/player/233227/david-browne/210006/,Papua New Guinea,24,64,70,Hjk Helsinki,2020 ~ 2020,"LW, CAM",175cm,67kg,Right,65,CAM,04-02-2020,â‚¬925K,â‚¬500,â‚¬1.5M,260,53,62,45,60,40,261,74,42,31,48,66,349,76,69,75,58,71,286,60,55,63,53,55,232,40,15,56,58,63,60,68,37,17,14,55,12,9,12,8,14,1511,334,2 â˜…,3â˜…,Medium,Medium,1 â˜…,72,59,54,71,25,53,8
251728,B. Raj,Bhadrashree Raj,https://cdn.sofifa.com/players/251/728/21_60.png,http://sofifa.com/player/251728/bhadrashree-raj/210006/,India,32,64,64,No Club,Free,RB,175cm,69kg,Right,64,RB,12-07-2019,â‚¬0,â‚¬0,â‚¬0,252,61,35,57,60,39,277,58,61,49,58,51,356,75,77,81,52,71,301,51,64,76,53,57,274,73,58,50,51,42,61,180,60,59,61,58,11,12,11,16,8,1698,359,2 â˜…,2â˜…,Medium,Medium,1 â˜…,76,44,58,59,59,63,5
155266,A. Askar,Amin Askar,https://cdn.sofifa.com/players/155/266/21_60.png,http://sofifa.com/player/155266/amin-askar/210006/,Ethiopia,34,64,64,Kristiansund Bk,2020 ~ 2021,"RB, ST, LM",176cm,62kg,Right,65,RB,08-01-2020,â‚¬210K,â‚¬1K,â‚¬200K,307,64,55,62,63,63,310,68,58,62,55,67,372,68,70,86,68,80,318,76,72,67,37,66,281,60,56,63,58,44,61,167,56,56,55,46,6,6,13,12,9,1801,370,2 â˜…,3â˜…,High,Medium,1 â˜…,69,62,61,70,57,51,3
232014,M. Salazar,Michael Salazar,https://cdn.sofifa.com/players/232/014/21_60.png,http://sofifa.com/player/232014/michael-salazar/210006/,Belize,27,63,63,Houston Dynamo,2019 ~ 2020,"RM, RW, CM",180cm,82kg,Right,65,ST,02-07-2019,â‚¬500K,â‚¬2K,â‚¬544K,315,61,62,70,63,59,246,61,44,23,56,62,338,69,72,65,66,66,325,66,77,50,77,55,274,69,30,65,60,50,52,122,53,42,27,35,6,5,6,10,8,1655,365,2 â˜…,2â˜…,High,Medium,1 â˜…,71,61,58,62,44,69,5
192937,Marc Vales,Marc Vales Gonza¡Lez,https://cdn.sofifa.com/players/192/937/21_60.png,http://sofifa.com/player/192937/marc-vales-gonzalez/210006/,Andorra,30,63,63,Sandefjord Fotball,2018 ~ 2020,CB,184cm,79kg,Right,63,CB,25-07-2018,â‚¬400K,â‚¬900,â‚¬375K,247,53,28,68,57,41,232,52,37,29,58,56,278,53,68,44,60,53,304,58,75,63,76,32,248,69,58,39,48,34,56,182,56,62,64,42,9,7,12,8,6,1533,333,3 â˜…,2â˜…,Medium,Medium,1 â˜…,61,36,52,53,60,71,2
208797,L. Gambin,Luke Gambin,https://cdn.sofifa.com/players/208/797/21_60.png,http://sofifa.com/player/208797/luke-gambin/210006/,Malta,27,62,63,Colchester United,2019 ~ 2021,"CAM, LM, CM",168cm,70kg,Left,63,CAM,01-07-2019,â‚¬450K,â‚¬3K,â‚¬639K,247,58,57,38,57,37,296,67,48,59,56,66,364,69,68,82,55,90,257,45,58,66,32,56,234,34,31,57,62,50,64,108,36,38,34,57,7,14,11,10,15,1563,326,3 â˜…,3â˜…,Medium,Medium,1 â˜…,68,53,58,69,36,42,5
252087,Y. Diori,Yacouba Diori,https://cdn.sofifa.com/players/252/087/21_60.png,http://sofifa.com/player/252087/yacouba-diori/210006/,Niger,22,62,71,Sd Ponferradina,2017 ~ 2021,CB,180cm,79kg,Right,65,RB,01-07-2017,â‚¬825K,â‚¬1K,â‚¬744K,233,57,33,54,58,31,245,61,44,39,45,56,326,69,71,63,59,64,260,35,60,71,63,31,278,71,58,53,45,51,61,196,63,67,66,39,6,6,12,7,8,1577,346,3 â˜…,2â˜…,Medium,Medium,1 â˜…,70,35,52,60,63,66,4
194248,Ryang Yong Gi,Yong Gi Ryang,https://cdn.sofifa.com/players/194/248/21_60.png,http://sofifa.com/player/194248/yong-gi-ryang/210006/,Korea Dpr,38,62,62,Sagan Tosu,2020 ~ 2021,"CM, CF, LM",173cm,72kg,Right,63,CAM,08-01-2020,â‚¬130K,â‚¬750,â‚¬125K,284,66,59,46,68,45,323,64,62,69,62,66,256,31,32,62,60,71,270,59,30,49,68,64,269,45,42,65,68,49,58,105,28,41,36,63,15,6,16,15,11,1570,316,3 â˜…,3â˜…,Medium,Medium,1 â˜…,32,59,66,65,37,57,2
200714,H. Hope,Hallam Hope,https://cdn.sofifa.com/players/200/714/21_60.png,http://sofifa.com/player/200714/hallam-hope/210006/,Barbados,26,61,62,Swindon Town,2020 ~ 2021,"ST, LW",179cm,76kg,Right,62,ST,22-01-2020,â‚¬400K,â‚¬2K,â‚¬548K,275,56,62,52,55,50,270,60,54,60,37,59,340,72,74,61,58,75,295,62,48,68,61,56,235,44,19,63,47,62,58,61,14,22,25,48,10,12,7,10,9,1524,325,2 â˜…,2â˜…,Medium,Low,1 â˜…,73,60,51,60,22,59,2
247198,David Cardoso,David Rui De Kong Cardoso,https://cdn.sofifa.com/players/247/198/21_60.png,http://sofifa.com/player/247198/david-rui-de-kong-cardoso/210006/,Macau,25,60,64,Fc Girondins De Bordeaux,2019 ~ 2021,"CB, CDM",183cm,78kg,Right,62,CB,31-01-2019,â‚¬300K,â‚¬4K,â‚¬498K,187,35,26,61,39,26,177,37,31,28,35,46,270,58,54,43,48,67,263,46,69,58,65,25,219,48,57,31,39,44,44,198,60,70,68,49,13,6,11,11,8,1363,289,2 â˜…,2â˜…,Medium,Medium,1 â˜…,56,31,37,42,63,60,14
231678,R. Tongyik,Ruon Tongyik,https://cdn.sofifa.com/players/231/678/21_60.png,http://sofifa.com/player/231678/ruon-tongyik/210006/,South Sudan,23,60,64,Central Coast Mariners,2019 ~ 2021,CB,185cm,80kg,Right,62,CB,24-07-2019,â‚¬325K,â‚¬500,â‚¬318K,186,24,23,60,59,20,200,56,27,26,34,57,275,64,62,37,59,53,285,36,80,64,84,21,183,40,61,25,27,30,62,164,51,61,52,56,9,14,7,14,12,1349,309,2 â˜…,2â˜…,High,Medium,1 â˜…,63,26,39,54,57,70,2
259146,E. Leclercq,Emyl Leclercq,https://cdn.sofifa.com/players/259/146/21_60.png,http://sofifa.com/player/259146/emyl-leclercq/210006/,Singapore,17,59,71,Chamois Niortais Football Club,2020 ~ 2024,GK,188cm,81kg,Right,59,GK,22-08-2020,â‚¬450K,â‚¬500,â‚¬371K,66,10,9,15,24,8,71,11,14,10,24,12,160,26,31,22,45,36,181,45,55,17,58,6,113,31,15,8,44,15,41,33,9,12,12,296,57,61,60,57,61,920,325,3 â˜…,1â˜…,Medium,Medium,1 â˜…,57,61,60,61,29,57,6
240805,Dai Wai-Tsun,Wai-Tsun Dai,https://cdn.sofifa.com/players/240/805/21_60.png,http://sofifa.com/player/240805/wai-tsun-dai/210006/,Hong Kong,20,57,69,Shenzhen Fc,2020 ~ 2023,CM,175cm,75kg,Right,59,CM,16-07-2020,â‚¬400K,â‚¬2K,â‚¬315K,258,56,48,48,62,44,239,57,33,30,58,61,352,71,68,82,55,76,294,57,58,67,60,52,216,38,52,25,61,40,40,145,42,52,51,32,7,7,7,5,6,1536,343,4 â˜…,2â˜…,High,Medium,1 â˜…,69,49,57,62,49,57,
257888,L. Hakim,Luqman Hakim,https://cdn.sofifa.com/players/257/888/21_60.png,http://sofifa.com/player/257888/luqman-hakim/210006/,Malaysia,18,56,75,Kv Kortrijk,2020 ~ 2025,"ST, CF",170cm,65kg,Right,59,CAM,06-08-2020,â‚¬375K,â‚¬1K,â‚¬404K,276,54,59,50,56,57,298,65,62,60,49,62,346,75,69,80,37,85,283,56,67,52,47,61,202,32,13,47,51,59,62,45,12,16,17,48,12,11,7,7,11,1498,313,3 â˜…,3â˜…,Medium,Low,1 â˜…,72,58,54,65,18,46,
244623,E. Maulana Vikri,Egy Maulana Vikri,https://cdn.sofifa.com/players/244/623/21_60.png,http://sofifa.com/player/244623/egy-maulana-vikri/210006/,Indonesia,19,56,71,Lechia GdaA„Sk,2018 ~ 2021,"CAM, RM",168cm,65kg,Left,58,CAM,09-07-2018,â‚¬350K,â‚¬1K,â‚¬375K,228,40,44,40,62,42,273,60,50,44,61,58,300,55,66,65,47,67,201,47,52,34,30,38,213,38,21,47,60,47,58,118,19,47,52,55,10,13,8,15,9,1388,288,3 â˜…,3â˜…,Medium,Medium,1 â˜…,61,44,56,60,33,34,
